CanType,Identifier,DLC,Data,Expected decoded SPN values
GenericCAN,CF013FB,8,5f23b05effffffff,"{3318=-45.89, 3319=-15.519997}"
GenericCAN,18EAFEFB,3,a19480,{2574=8426657.0}
GenericCAN,18FF90FB,8,ffff29c3ffffffff,"{516175=1.0, 516254=0.0, 516253=2.0, 516251=0.0, 516250=2.0, 516265=0.0}"
GenericCAN,18FF6BFB,8,f146646325ca50ff,"{516224=1.35542515E9, 516223=100.0, 516222=70.0, 516221=1.0}"
GenericCAN,18FF96FB,8,c0ffffffffffffff,"{0=0.0, 516229=0.0}"
GenericCAN,18FF9AFB,8,00000000ffff00ff,"{516301=0.0, 516300=0.0, 516299=0.0, 516298=0.0, 516297=0.0}"
GenericCAN,18FF9CFB,8,0000000000000000,"{516310=0.0, 516309=0.0, 516308=0.0, 516307=0.0, 516306=0.0, 516305=0.0, 516304=0.0, 516303=0.0}"
GenericCAN,18FECAFB,8,8418b97b866bffff,"{0=1.80397555E9, 624=1.0, 3040=2.0, 3041=0.0, 987=0.0, 1213=2.0, 3038=0.0, 623=0.0, 3039=1.0}"
GenericCAN,18FECBFB,8,2486b3f478b9ffff,"{0=3.111712E9, 3040=1.0, 624=1.0, 3041=2.0, 987=0.0, 1213=0.0, 3038=2.0, 3039=0.0, 623=2.0}"
GenericCAN,18FECDFB,13,337230debcf5c714e3783188be,"{0=3.16867789E9, 1217=51.0, 899=5.0, 84=190.53125, 102=398.0, 92=120.0, 110=9.0, 190=7266.5}"
GenericCAN,18E8FFFB,8,43f0ffff526ac2b9,"{0=82.0, 2541=67.0, 2542=240.0, 2543=1.217393E7}"
GenericCAN,18FEEBFB,8,0001be49ffffffff,"{233=73.0, 586=0.0, 587=1.0, 588=190.0}"
GenericCAN,18FEDAFB,8,5aabffffffffffff,"{965=90.0, 234=171.0}"
GenericCAN,18FEE6FB,8,ba721daf82051717,"{960=114.0, 961=29.0, 1601=-102.0, 962=32.5, 1602=-102.0, 963=175.0, 964=1990.0, 959=46.5}"
GenericCAN,18E8FB47,8,457effffad327393,"{0=173.0, 2541=69.0, 2542=126.0, 2543=9663282.0}"
GenericCAN,18FEF803,8,1f9a044c8003f447,"{177=-245.0, 3026=4.0, 3027=59.5, 3028=7.0, 123=496.0, 124=61.600002, 126=8.0, 127=1216.0}"
GenericCAN,18FEF700,8,ceffffffccc2ffff,"{114=81.0, 168=2493.4001}"
GenericCAN,18FE4E21,8,3affffffffffffff,"{3411=0.0, 1821=10.0}"
GenericCAN,CF013FB,8,21f107a4ffffffff,"{3318=59.458008, 3319=19.982002}"
GenericCAN,18FEFDFE,8,ff7f1cffffffffff,{159=3647.5}
GenericCAN,18FEAE17,8,d12a28ecdcb9fcff,"{1088=1888.0, 1089=1760.0, 1090=1480.0, 1351=0.0, 46=1672.0, 1086=336.0, 1087=320.0}"
GenericCAN,10FE6F2A,8,93d894eae8d667ff,"{1586=147.0, 1587=216.0, 1588=148.0, 1796=2.0, 1589=5.0, 1797=1.0, 1590=2.0, 1591=179.8125, 5022=1.0}"
GenericCAN,18FEF500,8,19ffff5a622affff,"{171=513.8125, 108=12.5, 172=2.0}"
GenericCAN,1CFEAAFE,8,eb7e1309c0ffffff,"{1116=235.0, 1692=499.0, 1693=3.6000001, 1694=67.0}"
GenericCAN,18EAFEFB,3,4d97d9,{2574=1.4260045E7}
GenericCAN,18FED500,8,a031f9ffffffffff,"{3353=1.0, 3354=2.0, 589=6352.0}"
GenericCAN,18F00F00,8,879bffffffffffff,{3226=1790.75}
GenericCAN,18FDB200,8,ffffffff410effff,{3251=364.9}
GenericCAN,18F00E00,8,8f07ffffffffffff,{3216=-103.25}
GenericCAN,14FD6800,8,a2f1aaffffffffff,{417=2.2405956E7}
GenericCAN,18FD7B00,8,97534e1a65310054,"{3719=151.0, 3720=83.0, 3721=8.2870944E8, 5466=53.76}"
GenericCAN,1CFD9200,8,75c534f37bd3ffdb,"{6385=1.0, 3602=2.0, 3604=1.0, 3606=0.0, 3543=5.0, 3607=1.0, 3544=13509.0, 632=0.0, 3644=87.6}"
GenericCAN,1CFEA700,8,783891e47f6294f8,"{8464=108.0, 8465=208.0, 1122=80.0, 1123=16.0, 1124=105.0, 1125=188.0, 1126=87.0, 8463=58.0}"
GenericCAN,18FDB400,8,614dffffffffffff,{3241=346.03125}
GenericCAN,18FE5600,8,4f3f1aa61fff21ff,"{1761=31.6, 3363=13.2, 3031=23.0, 3517=4252.2, 5245=0.0}"
GenericCAN,18FD7900,32,c280b35d1331458eb4116dc98fa128e4888b9934dd1bc659b373d65e6ce61b4a,"{3733=7.8602253E8, 3734=2.3868992E9, 3735=3.37936845E9, 3736=3.82786816E9, 3737=8.8247795E8, 3738=1.50615552E9, 3739=1.59111258E9, 3740=1.24334246E9}"
GenericCAN,18FDB300,8,ffffcbeeffffffff,{3246=1637.3438}
GenericCAN,18FD2000,8,2dcf81a7ffffffff,"{4765=1384.4062, 4766=1067.0312}"
GenericCAN,18FD49FE,8,da069807f9ffffff,"{4240=9.0, 4236=94.40001, 4237=75.40001}"
GenericCAN,14FD3E00,8,6cbbff63c2ffffff,"{4360=1226.375, 4363=1282.0938}"
GenericCAN,18FD3C00,8,ffffd7fffffcebff,"{7107=2.0, 4375=86.0, 7416=2.0, 5435=0.0}"
GenericCAN,F02B00,8,f7ffffffffffff5a,"{4973=115.0, 4974=10.0, 4975=5.0}"
GenericCAN,18FEA400,8,ffff851affffffff,{1136=-60.84375}
GenericCAN,18FD0700,8,a38ecc7f7ffaffff,"{9683=1.0, 9684=2.0, 6709=1.0, 9685=2.0, 5078=0.0, 5079=2.0, 5080=2.0, 5081=2.0, 5082=0.0, 5083=2.0, 5084=0.0, 5086=0.0}"
GenericCAN,18E01721,8,ffffff7fffffffff,{1856=1.0}
GenericCAN,1CFEBCFE,16,8687295bec17c33a374c6ad908df8f36,"{992=4.55952768E8, 993=9.153984E8, 990=1.9118104E8, 991=1.23233024E8}"
GenericCAN,18FEED00,8,e9ffffffffffffff,{74=233.0}
GenericCAN,18FEF100,8,db4e7d814164deff,"{1633=1.0, 70=2.0, 527=6.0, 976=30.0, 595=1.0, 84=125.30469, 596=0.0, 597=0.0, 598=2.0, 86=100.0, 599=1.0, 600=0.0, 601=0.0, 602=1.0}"
GenericCAN,CF00A00,8,029c7d15ffffffff,"{2659=1996.9, 132=275.05002}"
GenericCAN,18FEDF00,8,c80babff56095bff,"{514=75.0, 2978=-39.0, 515=5473.375, 3236=4661.0}"
GenericCAN,18FEEE00,8,7c9475efffff6dff,"{110=84.0, 174=108.0, 175=1642.6562, 52=69.0}"
GenericCAN,1CFEA900,8,ffffffff080bffff,{1119=7.06}
GenericCAN,18FEEF00,8,ffff50a4ffffffdf,"{98=32.0, 100=656.0, 111=89.200005}"
GenericCAN,18F00010,8,621a52a937842bb5,"{1667=2.0, 900=2.0, 520=-99.0, 1480=55.0, 4233=2.0, 4234=2.0, 1715=7.0, 1716=17.2, 1717=56.0, 1082=1.0, 571=2.0, 572=1.0, 1085=-43.0}"
GenericCAN,CF00400,8,515172c6de79fd41,"{512=-44.0, 2432=-60.0, 513=-11.0, 899=1.0, 1483=121.0, 1675=13.0, 4154=0.625, 190=7128.75}"
GenericCAN,18FEDB00,8,ffff5674ffffffff,{157=116.33594}
GenericCAN,18FDD500,8,d33469a4add0e55b,"{2789=149.59375, 2790=1042.2812, 2791=133.55249, 2792=1.0, 5323=1.0, 2795=36.4, 5457=2.0}"
GenericCAN,1CFEB100,8,3e1a7a27edced6a2,"{1032=8.2789192E7, 1033=1.36599344E8}"
GenericCAN,CF00300,8,cf190affe56fb74a,"{5398=-51.0, 5399=2.0, 5400=1.0, 91=10.0, 92=10.0, 1437=0.0, 29=91.6, 3357=73.200005}"
GenericCAN,18FDC40B,8,7f97fff3ffffffff,"{2912=3.0, 2917=1.0, 2918=9.0, 5847=0.0}"
GenericCAN,18FEFC00,8,ff70ffffffffffff,{96=44.8}
GenericCAN,18FEEC00,8,d9ffffffffffffff,{237=217.0}
GenericCAN,18FEBF0B,8,5d0d9ecb5c619bf6,"{904=13.363281, 905=2.0625, 906=4.875, 907=-2.0625, 908=-1.75, 909=1.875, 910=7.5625}"
GenericCAN,18FEE300,39,50b44ad208cfb643ed71b9481714773263f79e71419cd7ffffffffff3cab238386e9f25fae7204,"{544=16753.0, 545=31.792969, 1794=134.28401, 528=282.25, 1712=5479.5, 3344=242.0, 529=2166.75, 3345=95.0, 530=5934.125, 3346=174.0, 531=642.875, 3347=114.0, 532=3174.25, 3348=4.0, 533=6899.5, 1846=59782.0, 539=-51.0, 188=5770.0, 540=82.0, 541=112.0, 542=-53.0, 543=-6.0}"
GenericCAN,18FDC600,8,faffffffffffffff,"{1804=2.0, 626=2.0}"
GenericCAN,18F0010B,8,19ff1fffff668643,"{1792=1.0, 1121=0.0, 577=1.0, 1793=1.0, 1481=134.0, 1836=0.0, 561=1.0, 562=2.0, 563=1.0, 1238=0.0, 1243=2.0, 1438=2.0, 1439=1.0, 2911=0.0}"
GenericCAN,1CFE4D00,8,d5230c8dffffffff,"{1834=458.65, 1835=70.52361}"
GenericCAN,18FEE110,19,8ad79e5e91e48b9dbea79eca253955aa126479,"{546=3027.75, 547=5450.625, 548=4476.5, 901=10.0, 549=5367.75, 902=8.0, 550=1209.25, 551=20.0, 552=32.0, 553=33.0, 554=-68.0, 555=-4.0, 556=25618.0, 557=215.0}"
GenericCAN,18FEE203,8,ef2894ebffffffff,"{581=60.308002, 957=40.0, 958=239.0}"
GenericCAN,18FEF000,8,fffffffffffffff3,{3447=0.0}
GenericCAN,18FEC000,8,a0846dffbd303cb2,"{911=160.0, 913=48.0, 914=-20455.0, 915=64.0, 916=13501.0}"
GenericCAN,C01FEFE,8,20479d6968853b14,"{5762=1.0, 681=0.0, 2985=0.0, 682=0.0, 683=2.0, 684=28.4, 525=32.0, 685=1.0, 686=2.0, 687=2.0, 688=1.0, 689=0.0, 4242=0.0, 690=2.0, 691=2.0, 4246=0.0, 4247=1.0, 4248=1.0, 4249=0.0, 1852=1.0, 1853=1.0, 1854=0.0, 1855=2.0, 4255=14.0}"
GenericCAN,18FE9900,8,62abffffffffffff,{1176=92.765625}
GenericCAN,18FE9800,8,b3efffffffffffff,{1180=1644.5938}
GenericCAN,1CFEB500,8,fba733577f3cf1c3,"{1020=43003.0, 1021=22323.0, 1022=15487.0, 1023=50161.0}"
GenericCAN,1CFEBA00,12,f9cd5e25946079e150537318,"{998=7.8371264E7, 999=4.72853536E8, 1000=5.1276392E7}"
GenericCAN,C000003,8,d863a008ffffff85,"{897=1.0, 898=5132.375, 518=-117.0, 4206=5.0, 4207=8.0, 695=0.0, 696=2.0}"
GenericCAN,1CFEB400,16,4424b17c261ee95eab60bf206ad63304,"{1024=1.045992E8, 1025=7.9616792E7, 1026=2.7470654E7, 1027=3525304.5}"
GenericCAN,1CFEB000,20,dc5e68bb95b7c71461f40958c7d5e7e42101d819,"{1034=1.57208976E8, 1035=1.743165E7, 1036=7.3852376E7, 1037=1.92019952E8, 1038=2.1679324E7}"
GenericCAN,18FEE000,8,1d4a3269397e0b54,"{244=2.20612928E8, 245=1.76254912E8}"
GenericCAN,18FE4F0B,8,e282fcffffffffff,"{1813=2.0, 1814=0.0, 1815=2.0, 1816=2.0, 5624=0.0, 1817=0.0, 1818=0.0, 1819=2.0}"
GenericCAN,18FEC100,8,351c3800c1141300,"{917=1.8386184E7, 918=6252485.0}"
GenericCAN,18FEE700,8,ce84966132daafa0,"{246=8.186272E7, 248=1.34793968E8}"
GenericCAN,18FEF433,8,dea5b9ad562ff0a7,"{929=222.0, 1697=1.0, 1698=1.0, 1699=2.0, 521123=1106.1875, 521122=-54.0, 521121=441.375, 521120=1186.2188, 521101=927.0625, 521133=142.15625, 521100=1116.7812, 521132=129.28125, 521131=696.21875, 521130=831.65625, 6990=1.0, 521111=302.4375, 241=165.0, 521110=928.0625, 516255=0.0, 2586=6148.7, 2587=5.0, 521113=28.34375, 521112=1552.9062}"
GenericCAN,18FEBD00,8,d2f7b253ffffffff,"{1639=2678.25, 975=84.0, 977=7.0}"
GenericCAN,18F00503,8,75ceca3db700a900,"{162=183.0, 163=169.0, 523=-64.0, 524=-8.0, 526=51.918003}"
GenericCAN,18FEE900,8,d9905e1e298f79e3,"{182=2.54756976E8, 250=1.90819725E9}"
GenericCAN,18FE4A03,8,ffbd54fff5feffff,"{4261=2.0, 2536=1.0, 2537=1.0, 2538=1.0, 2539=0.0, 3086=1.0, 4250=1.0, 1851=2.0, 4251=1.0, 4253=0.0}"
GenericCAN,18FEF200,8,c6860544b6274bff,"{51=30.0, 183=1725.1, 184=34.00985, 185=19.855518}"
GenericCAN,18FFA000,8,089257fa0eb76654,{0=84.0}
GenericCAN,1CFEB900,22,f4aa287fa63d07a2b56664d7ee159a92058c322962e5,"{1001=1.06668582E9, 1002=1.35919181E9, 1003=1.8068407E9, 1004=1.22978586E9, 1005=3.45589248E8, 1006=114.691696}"
GenericCAN,1CFEC321,8,faffffffffffffff,"{778=2.0, 779=2.0}"
GenericCAN,14FD8100,8,63ffffffffffffff,{3672=39.600002}
GenericCAN,1CFEB3FE,8,0315d1773f56ace7,"{1028=1.00509555E9, 1029=1103.9501, 5458=148.27}"
GenericCAN,18FFA300,8,ff853c3cfd3fffff,{0=51155.75}
GenericCAN,1CFE9100,8,feffffffffffffff,{1239=2.0}
GenericCAN,CF00203,8,a95d00c9d5290536,"{161=165.125, 522=80.4, 1482=54.0, 560=1.0, 4816=2.0, 5015=1.0, 573=2.0, 574=2.0, 606=1.0, 191=11.625, 607=1.0}"
GenericCAN,18FE69FE,8,e6338dec9f350a03,"{1636=142.1875, 1637=1619.4062, 2630=-248.6875, 2986=155.96875}"
GenericCAN,10F007E8,8,26ffffffffffffff,"{1700=0.0, 1701=2.0, 3565=2.0, 3566=1.0}"
GenericCAN,18FD8300,8,fdffffffffffffff,{3645=5.0}
GenericCAN,1CFE8700,8,72964bcc4d3d7503,"{1433=100.890625, 1434=208.58594, 1435=-77.39844, 1436=-193.08594}"
GenericCAN,18FEA600,8,47ebffffffffffff,{1127=7528.875}
GenericCAN,18FEDC00,8,24e28302f8fc5933,"{235=4.3076776E7, 236=2.109877E7}"
GenericCAN,18FD9503,8,d0a1467f218bf135,"{5345=1.0, 3533=0.0, 3823=292.03125, 4177=50.8, 5913=840.03125, 5914=58.0, 5915=5.0, 5916=3.0, 3359=0.0}"
GenericCAN,18FE4021,8,9e5caffffdfff0ff,"{2368=1.0, 2370=1.0, 2404=2.0, 2372=2.0, 2374=2.0, 2348=2.0, 2350=1.0, 2388=0.0, 2390=1.0, 2396=0.0, 2398=0.0}"
GenericCAN,18FEFF00,8,fcfeffffffffffff,"{97=0.0, 5825=6.0}"
GenericCAN,18FEF600,8,ff5755ffffa4efff,"{102=174.0, 105=45.0, 173=1644.125}"
GenericCAN,18FDA400,8,fffffffffffffcff,{3948=0.0}
GenericCAN,1CFEB200,8,ffffffffffffcdad,{1389=4.4493}
GenericCAN,10FDA300,8,50f9bd8affffffff,"{641=75.6, 3470=159.56, 3675=55.2}"
GenericCAN,1CFEAF00,8,ae69fd8f757aa1bc,"{1039=1.20787482E9, 1040=1.58234957E9}"
GenericCAN,1CFEB800,22,f5092463ffffffffffffffff64a98307ffffffff2925,"{1007=8.3165312E8, 1010=6.3034544E7, 1012=18.580124}"
GenericCAN,18FDE60B,8,fffffff3ffffffff,{2931=0.0}
GenericCAN,18FEE500,8,9570f136ffffffff,{247=4.6089632E7}
GenericCAN,18FD9B00,8,34c2fffbe8ffffff,"{3520=8.0, 3515=12.0, 3516=48.5, 3519=27.0}"
GenericCAN,18FCF200,8,55ff4effffffffff,"{5377=31.2, 5374=34.0}"
GenericCAN,18FD0900,8,ceeb209a1a090ddd,"{5053=2585849.0, 5054=3708619.2}"
GenericCAN,CF02FA0,8,f5ffffffffffffff,{5676=5.0}
GenericCAN,18FCC800,8,fcffffffffffafff,"{5794=0.0, 10297=70.0}"
GenericCAN,18FDC200,8,ffffffffffffd9ff,{5837=217.0}
GenericCAN,18FD6F00,8,0fe39501454bc8ff,"{3821=145.31749, 4750=-260.34375, 4751=9634.5, 4752=80.0}"
GenericCAN,18FD0600,8,fffdffffffffffff,{5091=1.0}
GenericCAN,18FD9400,8,0fd7ffffffffffff,{27=137.6375}
GenericCAN,18FD7C00,8,fec22a096a8206eb,"{3712=2.0, 3713=1.0, 3714=2.0, 3715=0.0, 3716=0.0, 3717=2.0, 3718=2.0, 4175=0.0, 3750=2.0, 3697=6.0, 3698=1.0, 3699=2.0, 3700=0.0, 3701=4.0, 3702=2.0, 3703=2.0, 3704=2.0, 3705=0.0, 3706=1.0, 3707=2.0, 3708=0.0, 3709=0.0, 5629=2.0, 3710=2.0, 3711=2.0}"
GenericCAN,18FF9447,8,faf4faf4f4fbffff,"{516311=4.0, 516310=10.0, 516315=11.0, 516314=4.0, 516313=4.0, 516312=10.0}"
GenericCAN,18FF0433,8,b0b0d0b090b090c0,"{516418=4.0, 516417=0.0, 516416=0.0, 516383=3.0, 516382=0.0, 516381=0.0, 516380=0.0, 516379=0.0, 516391=0.0, 516390=0.0, 516389=0.0, 516388=3.0, 516387=0.0, 516386=0.0, 516385=0.0, 516384=0.0, 516399=0.0, 516398=3.0, 516397=0.0, 516396=0.0, 516395=0.0, 516394=0.0, 516393=5.0, 516392=0.0, 516407=0.0, 516406=0.0, 516405=0.0, 516404=0.0, 516403=1.0, 516402=0.0, 516401=0.0, 516400=0.0, 516415=0.0, 516414=0.0, 516413=1.0, 516412=0.0, 516411=0.0, 516410=0.0, 516409=0.0, 516408=3.0}"
GenericCAN,18FF0C33,8,1588350c22c59226,"{516495=50466.0, 516494=3125.0, 516493=34837.0, 516496=9874.0}"
GenericCAN,18FF0633,8,b0d0d080b0d0c0c0,"{516423=3.0, 516422=0.0, 516421=0.0, 516420=0.0, 516419=0.0, 516431=0.0, 516430=0.0, 516429=0.0, 516428=5.0, 516427=0.0, 516426=0.0, 516425=0.0, 516424=0.0, 516439=0.0, 516438=0.0, 516437=0.0, 516436=0.0, 516435=0.0, 516434=0.0, 516433=5.0, 516432=0.0, 516447=0.0, 516446=0.0, 516445=0.0, 516444=0.0, 516443=3.0, 516442=0.0, 516441=0.0, 516440=0.0, 516455=0.0, 516454=0.0, 516453=4.0, 516452=0.0, 516451=0.0, 516450=0.0, 516449=0.0, 516448=5.0, 516458=4.0, 516457=0.0, 516456=0.0}"
GenericCAN,18FF0833,8,a0c090c080a0ffff,"{516487=0.0, 516486=0.0, 516485=0.0, 516484=0.0, 516483=0.0, 516482=0.0, 516481=0.0, 516480=0.0, 516488=2.0, 516463=2.0, 516462=0.0, 516461=0.0, 516460=0.0, 516459=0.0, 516471=0.0, 516470=0.0, 516469=0.0, 516468=4.0, 516467=0.0, 516466=0.0, 516465=0.0, 516464=0.0, 516479=0.0, 516478=4.0, 516477=0.0, 516476=0.0, 516475=0.0, 516474=0.0, 516473=1.0, 516472=0.0}"
GenericCAN,18FF6B17,8,f3115996f37669ff,"{516224=1.76940326E9, 516223=89.0, 516222=17.0, 516221=3.0}"
GenericCAN,18FF3721,8,f9c0f1cfc7cdffff,"{516356=13.0, 516355=7.0, 516354=15.0, 516353=49.0, 516352=0.0, 516351=1.0}"
GenericCAN,18FFC433,8,3bb8786f14eee1f2,"{516500=62177.0, 516499=60948.0, 516498=28536.0, 516497=47163.0}"
GenericCAN,18E8FF4C,8,51ffffff26ffffff,"{0=38.0, 2541=81.0}"
GenericCAN,18FF8233,8,080000000000f9ff,"{0=0.0, 516230=2.0, 516229=0.0, 516228=0.0, 516227=0.0, 516226=0.0}"
GenericCAN,18FF7433,8,8a1ce5119e27ed33,"{516367=229.0, 516366=28.0, 516365=138.0, 516372=51.0, 516371=237.0, 516370=39.0, 516369=158.0, 516368=17.0}"
GenericCAN,18FF7633,8,cacdf83ac86bffff,"{516375=248.0, 516374=205.0, 516373=202.0, 516378=107.0, 516377=200.0, 516376=58.0}"
GenericCAN,18FFC633,8,cefa01a2f2b2e9ec,"{516503=45810.0, 516502=41473.0, 516501=64206.0, 516504=60649.0}"
GenericCAN,18FF7133,8,0fbe2bd6a222fd7a,"{516359=43.0, 516358=190.0, 516357=15.0, 516364=122.0, 516363=253.0, 516362=34.0, 516361=162.0, 516360=214.0}"
GenericCAN,18FF9847,11,0000000000000000000000,"{516295=0.0, 516294=0.0, 516293=0.0, 516292=0.0, 516291=0.0, 516290=0.0, 516289=0.0, 516288=0.0, 516296=0.0, 516287=0.0, 516286=0.0}"
GenericCAN,18FF7C33,8,f15ad5a12098c8ff,"{516511=0.0, 516510=41429.0, 516509=23281.0, 516519=0.0, 516518=2.0, 516517=0.0, 516516=2.0, 516515=1.0, 516514=2.0, 516513=0.0, 516512=1.0}"
GenericCAN,18FF0A33,8,c8cd52a3f750cf14,"{516492=5327.0, 516491=20727.0, 516490=41810.0, 516489=52680.0}"
GenericCAN,18FFC933,8,59cdf6a074667c07,"{516508=1916.0, 516507=26228.0, 516506=41206.0, 516505=52569.0}"
GenericCAN,18FDC3FE,8,35cc5493ffffffff,"{2624=81.6, 2625=33.600002, 2626=58.8, 2623=21.2}"
GenericCAN,C001003,8,c21c334affffff49,"{897=0.0, 898=1635.5, 518=-51.0, 4206=9.0, 4207=4.0, 695=2.0, 696=0.0}"
GenericCAN,C00002A,8,d9c4370effffffe4,"{897=1.0, 898=1784.5, 518=-111.0, 4206=4.0, 4207=14.0, 695=1.0, 696=2.0}"
GenericCAN,18F00500,8,ff35989bffffffff,"{523=30.0, 526=38.965}"
GenericCAN,C0000A0,8,d9b14722ffffff04,"{897=1.0, 898=2294.125, 518=-91.0, 4206=4.0, 4207=0.0, 695=1.0, 696=2.0}"
GenericCAN,C00000B,8,c2227720ffffff75,"{897=0.0, 898=3812.25, 518=-93.0, 4206=5.0, 4207=7.0, 695=2.0, 696=0.0}"
GenericCAN,18FEFC17,8,ffc2ffffffffe2ff,"{96=77.6, 38=90.4}"
GenericCAN,C00100B,8,e47fa88effffff8d,"{897=2.0, 898=5391.875, 518=17.0, 4206=13.0, 4207=8.0, 695=0.0, 696=1.0}"
GenericCAN,18850021,8,fff5ffffffffffff,{6874=98.0}
GenericCAN,18FF90FB,8,ffff80e3ffffffff,"{516175=0.0, 516254=0.0, 516253=0.0, 516251=2.0, 516250=0.0, 516265=2.0}"
GenericCAN,18FF5117,8,b6cd628ec99b08ff,"{516105=902671.2, 516104=2.4135622E7}"
GenericCAN,18FF6021,8,c22c7b91731dfcab,"{516135=123.0, 516134=44.0, 516133=0.0, 516132=0.0, 516131=0.0, 516130=0.0, 516129=2.0, 516139=4.0, 516138=29.0, 516137=171.0, 516136=145.0}"
GenericCAN,18FEFD00,8,ffdb41ffffffffff,{159=8429.5}
GenericCAN,C002903,8,e0982fdbffffff7d,"{897=2.0, 898=1523.0, 518=94.0, 4206=13.0, 4207=7.0, 695=0.0, 696=0.0}"
GenericCAN,18FF5417,8,80fd2ffdc51dfeff,"{516165=138693.0, 516118=1.0, 516117=47.0, 516115=3456.0}"
GenericCAN,18FF914C,8,7d9d0cffffffffff,{516170=826749.0}
GenericCAN,1CFF4121,8,79a20a00fb100600,"{516181=397563.0, 516180=696953.0}"
GenericCAN,1CFF1721,6,fec0c938e8fe,"{516143=0.0, 516142=0.0, 516141=0.0, 516140=0.0, 516151=0.0, 516150=0.0, 516149=0.0, 516148=0.0, 516147=0.0, 516146=0.0, 516145=0.0, 516144=0.0, 516158=0.0, 516157=0.0, 516156=0.0, 516155=0.0, 516154=0.0, 516153=0.0, 516152=0.0}"
GenericCAN,18FF5517,8,00fefefffcffffff,"{516119=0.0, 516127=0.0, 516126=0.0, 516125=0.0, 516124=0.0, 516123=0.0, 516122=0.0, 516121=0.0, 516120=0.0, 516128=10.219999, 516520=12.0}"
GenericCAN,18FF8019,8,2cb88330ffffffff,"{516103=0.0, 516102=48.0, 516101=2096.0, 516100=2.0, 516099=92.0, 516098=3.0, 516097=0.0}"
GenericCAN,18FF6221,8,bea2e084f489ffff,"{0=1.0, 516255=6.0, 516262=8.0, 516261=0.0, 516260=2.0, 516259=2.0, 516258=0.0, 516257=2.0, 516256=2.0, 516350=9.05}"
GenericCAN,CFF9247,8,fe8481ffffffffff,"{516271=0.0, 516270=0.0, 516269=1.0, 516268=2.0, 516267=0.0, 516266=1.0, 516265=0.0, 516264=2.0, 516272=2.0}"
GenericCAN,C00292A,8,e0762bcfffffff09,"{897=2.0, 898=1390.75, 518=82.0, 4206=9.0, 4207=0.0, 695=0.0, 696=0.0}"
GenericCAN,18FF5217,8,40b0fcf81e281afe,"{516109=104080.2, 516108=207.8, 516107=24.800001, 516106=83155.2}"
GenericCAN,18FC4233,8,30cdf9ffffffffff,"{6988=63949.0, 929=48.0}"
GenericCAN,18F00521,8,ffffff71ffffffff,{523=-12.0}
GenericCAN,C00290B,8,e174a45affffff26,"{897=2.0, 898=5262.5, 518=-35.0, 4206=6.0, 4207=2.0, 695=1.0, 696=0.0}"
GenericCAN,C00102A,8,e6385e19ffffff18,"{897=2.0, 898=3015.0, 518=-100.0, 4206=8.0, 4207=1.0, 695=2.0, 696=1.0}"
GenericCAN,18FEFF21,8,fbffffffffffffff,{5675=2.0}
GenericCAN,18FF6533,8,d5014448981a80f2,"{516183=1.0, 516182=0.0, 516181=0.0, 516180=0.0, 516179=0.0, 516178=1.0, 516177=1.0, 516176=5.0, 516191=2.0, 516190=0.0, 516189=1.0, 516188=0.0, 516187=2.0, 516186=0.0, 516185=1.0, 516184=0.0, 516199=0.0, 516198=0.0, 516197=0.0, 516196=1.0, 516195=2.0, 516194=2.0, 516193=2.0, 516192=1.0, 516203=0.0, 516202=2.0, 516201=2.0, 516200=0.0}"
GenericCAN,18FEE400,8,543ffefdffffff3f,"{0=0.0, 590=1.0, 591=0.0, 592=1.0, 593=0.0, 594=1.0, 985=2.0, 1081=1.0}"
GenericCAN,CFEFF00,8,fdf9ffffffffffff,"{5825=1.0, 97=1.0}"
GenericCAN,18FF5317,8,3a25f7ca33bbae2b,"{516111=20.2, 516110=46828.2, 516113=17892.3, 516112=286.7}"
GenericCAN,18FEEF21,8,ffffff90ffffffff,{100=576.0}
GenericCAN,10F0ED00,8,24c5ffffffffaf78,"{7745=0.0, 7746=1.0, 7747=1.0, 7748=1.0, 7749=6.0, 7750=10.0, 7751=120.0, 7788=1.0}"
GenericCAN,18FF8625,8,1500f8ffff9fe1f1,{0=8.0}
GenericCAN,1CFBE800,8,f1a7b34866ecffff,"{8326=6.0986675E8, 12748=6051.8003}"
GenericCAN,18FECA00,8,a801fa5ad031ffff,"{987=0.0, 3038=0.0, 3039=0.0, 3040=0.0, 3041=1.0, 623=2.0, 624=2.0, 1213=2.0, 1214=8.3573837E8}"
GenericCAN,18FF2847,8,f8ffffffffffffff,{0=0.0}
GenericCAN,1885FF00,8,ff49fff3ffffffff,"{7759=0.0, 6874=29.2}"
GenericCAN,18E8FF47,8,426fffff45cc5690,"{0=69.0, 2541=66.0, 2542=111.0, 2543=9459404.0}"
GenericCAN,10F0F500,8,fffffffffffffbff,{7756=2.0}
GenericCAN,18EAFBFF,3,bad2b1,{2574=1.1653818E7}
GenericCAN,18FCB600,8,1f9e792b8971ffff,"{7497=22.6, 5981=101.197495, 5982=11129.0, 5983=68.5}"
GenericCAN,C1EFF00,8,6242ffffffffffff,{7589=16.994001}
GenericCAN,18E00017,8,ffffff7fffffffff,{1856=1.0}
EmissionCAN,CF013FB,8,db367a36ffffffff,"{3318=-35.914, 3319=-36.107998}"
EmissionCAN,18EAFEFB,3,bfc989,{2574=9030079.0}
EmissionCAN,18FF90FB,8,ffff8ad3ffffffff,"{516175=2.0, 516254=0.0, 516253=2.0, 516251=2.0, 516250=0.0, 516265=1.0}"
EmissionCAN,18FF6BFB,8,f3bd43632db31dff,"{516224=4.98281824E8, 516223=67.0, 516222=189.0, 516221=3.0}"
EmissionCAN,18FF96FB,8,c0ffffffffffffff,"{0=0.0, 516229=0.0}"
EmissionCAN,18FF9AFB,8,00000000ffff00ff,"{516301=0.0, 516300=0.0, 516299=0.0, 516298=0.0, 516297=0.0}"
EmissionCAN,18FF9CFB,8,0000000000000000,"{516303=0.0, 516310=0.0, 516309=0.0, 516308=0.0, 516307=0.0, 516306=0.0, 516305=0.0, 516304=0.0}"
EmissionCAN,18FECAFB,8,1841106bc10effff,"{0=2.4755688E8, 987=0.0, 3038=1.0, 3039=0.0, 3040=0.0, 3041=1.0, 623=1.0, 624=2.0, 1213=0.0}"
EmissionCAN,18FECBFB,8,91562a38bddeffff,"{0=3.73694259E9, 987=1.0, 3038=1.0, 3039=1.0, 3040=1.0, 3041=2.0, 623=1.0, 624=0.0, 1213=2.0}"
EmissionCAN,18FECDFB,13,1f2cf5efd8f75ee915e2b615e3,"{0=3.63960448E9, 1217=31.0, 899=7.0, 84=227.08203, 92=226.0, 102=188.0, 110=142.0, 190=701.125}"
EmissionCAN,18E8FFFB,8,9801ffff63a001d7,"{0=99.0, 2541=152.0, 2542=1.0, 2543=1.4090656E7}"
EmissionCAN,18FEEBFB,8,ae994562ffffffff,"{586=174.0, 587=153.0, 588=69.0, 233=98.0}"
EmissionCAN,18FEDAFB,8,0c93ffffffffffff,"{965=12.0, 234=147.0}"
EmissionCAN,18FEE6FB,8,c5e8a4beedde670b,"{960=232.0, 961=164.0, 1601=-22.0, 962=59.25, 1602=-114.0, 963=190.0, 964=2207.0, 959=49.25}"
EmissionCAN,18E8FB47,8,a91dffffbc38ef15,"{0=188.0, 2541=169.0, 2542=29.0, 2543=1437496.0}"
EmissionCAN,18FEF803,8,8077c6e2e02a8010,"{3026=1.0, 3027=1.5, 3028=0.0, 177=70.0, 123=2048.0, 124=47.600002, 126=396.0, 127=3616.0}"
EmissionCAN,18FEF700,8,22ffffffb139ffff,"{168=738.45, 114=-91.0}"
EmissionCAN,18FE4E21,8,b7ffffffffffffff,"{3411=2.0, 1821=7.0}"
EmissionCAN,CF013FB,8,c1ef58b1ffffffff,"{3318=58.754005, 3319=26.800003}"
EmissionCAN,18FEFDFE,8,ff1abbffffffffff,{159=23949.0}
EmissionCAN,18FEAE17,8,c8acae9094f2feff,"{1088=1152.0, 1089=1184.0, 1090=1936.0, 1351=2.0, 46=1600.0, 1086=1376.0, 1087=1392.0}"
EmissionCAN,10FE6F2A,8,672672dc96bc63ff,"{1796=2.0, 1797=0.0, 5022=1.0, 1586=103.0, 1587=38.0, 1588=114.0, 1589=3.0, 1590=4.0, 1591=127.171875}"
EmissionCAN,18FEF500,8,aeffff93d6a0ffff,"{171=1443.5938, 108=87.0, 172=120.0}"
EmissionCAN,1CFEAAFE,8,f8a2df29beffffff,"{1116=248.0, 1692=5725.0, 1693=16.4, 1694=65.0}"
EmissionCAN,18EAFEFB,3,6e9a2b,{2574=2857582.0}
EmissionCAN,18FED500,8,c557f5ffffffffff,"{589=11234.5, 3353=1.0, 3354=1.0}"
EmissionCAN,18F00F00,8,e566ffffffffffff,{3226=1117.05}
EmissionCAN,18FDB200,8,ffffffffe21affff,{3251=688.2}
EmissionCAN,18F00E00,8,0fc3ffffffffffff,{3216=2296.75}
EmissionCAN,14FD6800,8,ad7288ffffffffff,{417=1.7884506E7}
EmissionCAN,18FD7B00,8,2aad9de127c07d45,"{3719=42.0, 3720=173.0, 3721=3.22383923E9, 5466=44.4725}"
EmissionCAN,1CFD9200,8,7b4b1bf7b7cbff57,"{3602=1.0, 3604=2.0, 3606=2.0, 3543=11.0, 3607=0.0, 3544=6987.0, 6385=1.0, 632=1.0, 3644=34.8}"
EmissionCAN,1CFEA700,8,2f2d8a98b6b9d788,"{8463=145.0, 8464=175.0, 8465=96.0, 1122=7.0, 1123=5.0, 1124=98.0, 1125=112.0, 1126=142.0}"
EmissionCAN,18FDB400,8,b4a2ffffffffffff,{3241=1028.625}
EmissionCAN,18FE5600,8,f7d480ca9fff4cff,"{3031=172.0, 1761=98.8, 3363=30.4, 3517=5184.0, 5245=4.0}"
EmissionCAN,18FD7900,32,86403010d9a1a499888742ce7b37d6e98bc401ca7d3febaeaa487cacee97ed1f,"{3733=1.35798848E8, 3734=2.57770342E9, 3735=3.46046669E9, 3736=3.92313011E9, 3737=3.3891136E9, 3738=2.93465267E9, 3739=2.8938263E9, 3740=5.35664608E8}"
EmissionCAN,18FDB300,8,ffffd228ffffffff,{3246=53.5625}
EmissionCAN,18FD2000,8,6cb2bb5affffffff,"{4765=1154.375, 4766=452.84375}"
EmissionCAN,18FD49FE,8,c003a604fdffffff,"{4236=19.0, 4237=-4.0, 4240=13.0}"
EmissionCAN,14FD3E00,8,52aaff5f08ffffff,"{4360=1089.5625, 4363=-206.03125}"
EmissionCAN,18FD3C00,8,ffff41fffffdd3ff,"{7107=0.0, 4375=26.0, 7416=1.0, 5435=1.0}"
EmissionCAN,F02B00,8,e9ffffffffffffae,"{4973=45.0, 4974=14.0, 4975=10.0}"
EmissionCAN,18FEA400,8,ffffcc5dffffffff,{1136=477.375}
EmissionCAN,18FD0700,8,2b2ddd3f3ff4ffff,"{9683=0.0, 9684=0.0, 9685=1.0, 5078=2.0, 5079=2.0, 5080=0.0, 5081=1.0, 5082=2.0, 5083=0.0, 5084=1.0, 5086=1.0, 6709=0.0}"
EmissionCAN,18E01721,8,ffffff7fffffffff,{1856=1.0}
EmissionCAN,1CFEBCFE,16,98a26eefa15e3b966cebada112c24e3c,"{990=5.02125664E8, 991=3.15059168E8, 992=3.39066208E8, 993=1.01179443E9}"
EmissionCAN,18FEED00,8,7affffffffffffff,{74=122.0}
EmissionCAN,18FEF100,8,c34db66291cd2eff,"{70=0.0, 527=1.0, 976=14.0, 595=2.0, 84=182.30078, 596=0.0, 597=2.0, 598=1.0, 86=205.0, 599=1.0, 600=0.0, 601=1.0, 602=2.0, 1633=0.0}"
EmissionCAN,CF00A00,8,22911e94ffffffff,"{132=1895.9, 2659=1857.7001}"
EmissionCAN,18FEDF00,8,2b1157ff84341dff,"{514=-82.0, 515=2786.125, 2978=7.0, 3236=1495.2001}"
EmissionCAN,18FEEE00,8,09061e86ffff75ff,"{110=-31.0, 174=-34.0, 175=799.9375, 52=77.0}"
EmissionCAN,1CFEA900,8,ffffffff92a5ffff,{1119=105.965}
EmissionCAN,18FEEF00,8,ffff4560ffffff77,"{98=27.6, 100=384.0, 111=47.600002}"
EmissionCAN,18F00010,8,616c012871efa98d,"{1667=2.0, 900=1.0, 520=-17.0, 1480=113.0, 4233=2.0, 4234=0.0, 1715=114.0, 1716=67.6, 1717=16.0, 1082=0.0, 571=2.0, 572=1.0, 1085=-124.0}"
EmissionCAN,CF00400,8,02da22dd9073fca8,"{512=93.0, 2432=43.0, 513=-91.0, 899=2.0, 1483=115.0, 1675=12.0, 4154=0.0, 190=4635.625}"
EmissionCAN,18FEDB00,8,ffffb586ffffffff,{157=134.70703}
EmissionCAN,18FDD500,8,fe6b6b316d11d82c,"{5323=2.0, 5457=1.0, 2789=590.9375, 2790=122.34375, 2791=11.1525, 2792=0.0, 2795=17.6}"
EmissionCAN,1CFEB100,8,981caa270681efa3,"{1032=8.318248E7, 1033=1.3751912E8}"
EmissionCAN,CF00300,8,cfac24ff0aafe853,"{5398=-42.0, 5399=2.0, 5400=2.0, 91=68.8, 92=36.0, 1437=0.0, 29=4.0, 3357=92.8}"
EmissionCAN,18FDC40B,8,7f9bfff3ffffffff,"{5847=0.0, 2912=3.0, 2917=2.0, 2918=9.0}"
EmissionCAN,18FEFC00,8,ff40ffffffffffff,{96=25.6}
EmissionCAN,18FEEC00,8,54ffffffffffffff,{237=84.0}
EmissionCAN,18FEBF0B,8,f431b6f1969684ad,"{904=49.953125, 905=3.5625, 906=7.25, 907=1.5625, 908=1.5625, 909=0.4375, 910=3.0}"
EmissionCAN,18FEE300,39,e4c273918544626a793f8b53e2401d5582bde61bb72537ffffffffff610067d1f4b71bbcd21f71,"{1794=214.42801, 528=4274.125, 3344=27.0, 529=3404.25, 3345=188.0, 530=4455.875, 3346=210.0, 531=2076.25, 3347=31.0, 532=4170.625, 3348=113.0, 533=1764.625, 539=-10.0, 540=-57.0, 541=-4.0, 542=-42.0, 543=-96.0, 544=46875.0, 545=46.147655, 1712=12.125, 1846=47092.0, 188=6236.5}"
EmissionCAN,18FDC600,8,faffffffffffffff,"{1804=2.0, 626=2.0}"
EmissionCAN,18F0010B,8,52ffafffff21b9a3,"{1792=2.0, 577=2.0, 1793=0.0, 1481=185.0, 1238=2.0, 1243=1.0, 1438=2.0, 1439=0.0, 2911=0.0, 1121=1.0, 1836=2.0, 561=2.0, 562=0.0, 563=1.0}"
EmissionCAN,1CFE4D00,8,c12c4653ffffffff,"{1834=572.85004, 1835=41.63682}"
EmissionCAN,18FEE110,19,ce8c08051b03f4e14ff449b1af5f99434e46df,"{901=14.0, 902=12.0, 546=161.0, 547=2163.125, 548=7808.375, 549=7817.875, 550=5622.125, 551=-98.0, 552=100.0, 553=-52.0, 554=-30.0, 555=98.0, 556=17998.0, 557=140.0}"
EmissionCAN,18FEE203,8,9dea396dffffffff,"{581=27.961, 957=234.0, 958=157.0}"
EmissionCAN,18FEF000,8,fffffffffffffffb,{3447=2.0}
EmissionCAN,18FEC000,8,41838effc4148280,"{911=65.0, 913=20.0, 914=21780.0, 915=71.0, 916=771.0}"
EmissionCAN,C01FEFE,8,a587209985650741,"{5762=2.0, 525=-93.0, 4242=2.0, 4246=1.0, 4247=0.0, 4248=0.0, 4249=1.0, 4255=1.0, 681=1.0, 2985=0.0, 682=1.0, 683=2.0, 684=54.0, 685=1.0, 686=2.0, 687=1.0, 688=2.0, 689=1.0, 690=1.0, 691=0.0, 1852=1.0, 1853=1.0, 1854=2.0, 1855=1.0}"
EmissionCAN,18FE9900,8,2cb9ffffffffffff,{1176=120.34375}
EmissionCAN,18FE9800,8,ef3fffffffffffff,{1180=238.46875}
EmissionCAN,1CFEB500,8,4cd1bed8ae7b412a,"{1020=53580.0, 1021=55486.0, 1022=31662.0, 1023=10817.0}"
EmissionCAN,1CFEBA00,12,488f75857a9cc53082ed94a3,"{998=2.79884256E8, 999=1.02282128E8, 1000=3.43055808E8}"
EmissionCAN,C000003,8,e6bf7c1fffffff50,"{897=2.0, 898=3991.875, 518=-94.0, 4206=0.0, 4207=5.0, 695=2.0, 696=1.0}"
EmissionCAN,1CFEB400,16,b6c6eadee38634ce5e7120b328f554b9,"{1024=1.86996416E8, 1025=1.72977456E8, 1026=1.50262384E8, 1027=1.55467632E8}"
EmissionCAN,1CFEB000,20,21572a7aa77c745c7b6faea66b3bfb17532ffdc3,"{1034=1.0247976E8, 1035=7.7556896E7, 1036=1.3982248E8, 1037=2.0117036E7, 1038=1.64407488E8}"
EmissionCAN,18FEE000,8,d7ed4e4235d9cfeb,"{244=1.39058624E8, 245=4.94533408E8}"
EmissionCAN,18FE4F0B,8,ea82feffffffffff,"{1813=2.0, 1814=2.0, 1815=2.0, 1816=2.0, 1817=0.0, 1818=0.0, 1819=2.0, 5624=2.0}"
EmissionCAN,18FEC100,8,16032c0063710900,"{917=1.442187E7, 918=3094255.0}"
EmissionCAN,18FEE700,8,69fe1041fcfe27b6,"{246=5.458164E7, 248=1.52803728E8}"
EmissionCAN,18FEF433,8,48a51b7e015a5287,"{521101=119.15625, 521100=735.84375, 6990=0.0, 521111=495.28125, 521110=1503.5938, 516255=0.0, 2586=2108.2, 2587=4.0, 521113=-144.59375, 521112=518.40625, 929=72.0, 1697=0.0, 1698=0.0, 1699=1.0, 521123=541.09375, 521122=-180.28125, 521121=1197.125, 521120=849.75, 521133=323.65625, 521132=987.65625, 521131=1318.3438, 521130=377.6875, 241=165.0}"
EmissionCAN,18FEBD00,8,31f0a5c6ffffffff,"{975=19.6, 977=0.0, 1639=6356.625}"
EmissionCAN,18F00503,8,cc3f33905e005d00,"{523=19.0, 524=79.0, 526=13.119, 162=94.0, 163=93.0}"
EmissionCAN,18FEE900,8,91c9a37df46f8d33,"{182=1.05394298E9, 250=4.32453632E8}"
EmissionCAN,18FE4A03,8,ff3e62fff6fdffff,"{3086=2.0, 4250=2.0, 4251=1.0, 4253=0.0, 4261=1.0, 2536=1.0, 2537=2.0, 2538=0.0, 2539=2.0, 1851=0.0}"
EmissionCAN,18FEF200,8,46d3c967cf08aeff,"{51=69.6, 183=2704.3, 184=51.892708, 185=4.404308}"
EmissionCAN,18FFA000,8,02582efa381c2005,{0=5.0}
EmissionCAN,1CFEB900,22,c00cd4f081e3539b2a896142b08f4f0ac0e4d7440052,"{1001=2.0202144E9, 1002=1.30298317E9, 1003=5.5684416E8, 1004=8.6493144E7, 1005=5.7749978E8, 1006=41.000103}"
EmissionCAN,1CFEC321,8,f6ffffffffffffff,"{778=2.0, 779=1.0}"
EmissionCAN,14FD8100,8,29ffffffffffffff,{3672=16.4}
EmissionCAN,1CFEB3FE,8,df19757eb028d297,"{1028=1.06080179E9, 1029=520.8, 5458=97.165}"
EmissionCAN,18FFA300,8,ffcdce1f973fffff,{0=41329.938}
EmissionCAN,1CFE9100,8,feffffffffffffff,{1239=2.0}
EmissionCAN,CF00203,8,99ef0a7ac57d9291,"{522=48.8, 1482=145.0, 4816=2.0, 5015=0.0, 606=1.0, 607=1.0, 161=4687.625, 560=1.0, 573=2.0, 574=1.0, 191=349.875}"
EmissionCAN,18FE69FE,8,4.03372E+15,"{2630=415.78125, 1636=137.0, 1637=146.5625, 2986=1.78125}"
EmissionCAN,10F007E8,8,91ffffffffffffff,"{1700=2.0, 1701=1.0, 3565=1.0, 3566=0.0}"
EmissionCAN,18FD8300,8,faffffffffffffff,{3645=2.0}
EmissionCAN,1CFE8700,8,e7fad12721e9c21f,"{1433=301.8047, 1434=-120.36719, 1435=266.2578, 1436=-136.48438}"
EmissionCAN,18FEA600,8,cbe0ffffffffffff,{1127=7193.375}
EmissionCAN,18FEDC00,8,fef7955ebcbef96c,"{235=9.1415328E7, 236=7.9344333E8}"
EmissionCAN,18FD9503,8,e45aca0a8a0902c2,"{3533=1.0, 4177=4.0, 5913=-196.6875, 5914=-61.5, 5915=2.0, 5916=12.0, 3359=0.0, 5345=2.0, 3823=1345.8125}"
EmissionCAN,18FE4021,8,ae4e8ffffdfff4ff,"{2368=1.0, 2370=0.0, 2372=2.0, 2374=0.0, 2388=2.0, 2390=1.0, 2396=1.0, 2398=0.0, 2404=2.0, 2348=2.0, 2350=2.0}"
EmissionCAN,18FEFF00,8,fcfdffffffffffff,"{5825=5.0, 97=0.0}"
EmissionCAN,18FEF600,8,ff6052ffff853eff,"{102=192.0, 105=42.0, 173=227.15625}"
EmissionCAN,18FDA400,8,fffffffffffffeff,{3948=2.0}
EmissionCAN,1CFEB200,8,ffffffffffff3d24,{1389=0.9277}
EmissionCAN,10FDA300,8,87013728ffffffff,"{641=22.0, 3470=0.97749996, 3675=16.0}"
EmissionCAN,1CFEAF00,8,7ff2e940ace5d915,"{1039=5.445369E8, 1040=1.83300816E8}"
EmissionCAN,1CFEB800,22,f7032006ffffffffffffffff4080a290ffffffffc959,"{1007=5.1380732E7, 1010=1.21328435E9, 1012=44.89269}"
EmissionCAN,18FDE60B,8,fffffffbffffffff,{2931=2.0}
EmissionCAN,18FEE500,8,5013536effffffff,{247=9.2546912E7}
EmissionCAN,18FD9B00,8,99c9fffee3ffffff,"{3520=3.0, 3515=113.0, 3516=50.25, 3519=30.0}"
EmissionCAN,18FCF200,8,b9ffc2ffffffffff,"{5377=77.6, 5374=74.0}"
EmissionCAN,18FD0900,8,7de9d588e5bd2684,"{5053=2295720.2, 5054=2217131.8}"
EmissionCAN,CF02FA0,8,fdffffffffffffff,{5676=13.0}
EmissionCAN,18FCC800,8,fcffffffffffefff,"{5794=0.0, 10297=95.6}"
EmissionCAN,18FDC200,8,ffffffffffff2fff,{5837=47.0}
EmissionCAN,18FD6F00,8,d9c56855935cecff,"{4750=410.25, 4751=11849.5, 4752=94.4, 3821=126.6225}"
EmissionCAN,18FD0600,8,fffcffffffffffff,{5091=0.0}
EmissionCAN,18FD9400,8,df4affffffffffff,{27=47.9175}
EmissionCAN,18FD7C00,8,f8c69a828189d5e3,"{3712=0.0, 3713=2.0, 3714=1.0, 3715=2.0, 3716=0.0, 3717=2.0, 3718=1.0, 4175=6.0, 3750=2.0, 3697=0.0, 3698=5.0, 3699=2.0, 3700=1.0, 3701=4.0, 3702=2.0, 3703=2.0, 3704=1.0, 3705=2.0, 3706=2.0, 3707=0.0, 3708=0.0, 3709=2.0, 5629=0.0, 3710=1.0, 3711=0.0}"
EmissionCAN,18FF9447,8,fbf0f1faf7f9ffff,"{516311=0.0, 516310=11.0, 516315=9.0, 516314=7.0, 516313=10.0, 516312=1.0}"
EmissionCAN,18FF0433,8,d080d0d0a0e0e0b0,"{516418=3.0, 516417=0.0, 516416=0.0, 516383=5.0, 516382=0.0, 516381=0.0, 516380=0.0, 516379=0.0, 516391=0.0, 516390=0.0, 516389=0.0, 516388=0.0, 516387=0.0, 516386=0.0, 516385=0.0, 516384=0.0, 516399=0.0, 516398=5.0, 516397=0.0, 516396=0.0, 516395=0.0, 516394=0.0, 516393=5.0, 516392=0.0, 516407=0.0, 516406=0.0, 516405=0.0, 516404=0.0, 516403=2.0, 516402=0.0, 516401=0.0, 516400=0.0, 516415=0.0, 516414=0.0, 516413=6.0, 516412=0.0, 516411=0.0, 516410=0.0, 516409=0.0, 516408=6.0}"
EmissionCAN,18FF0C33,8,700854b0a3212cf2,"{516495=8611.0, 516494=45140.0, 516493=2160.0, 516496=61996.0}"
EmissionCAN,18FF0633,8,c0e0b080c0c090a0,"{516423=4.0, 516422=0.0, 516421=0.0, 516420=0.0, 516419=0.0, 516431=0.0, 516430=0.0, 516429=0.0, 516428=6.0, 516427=0.0, 516426=0.0, 516425=0.0, 516424=0.0, 516439=0.0, 516438=0.0, 516437=0.0, 516436=0.0, 516435=0.0, 516434=0.0, 516433=3.0, 516432=0.0, 516447=0.0, 516446=0.0, 516445=0.0, 516444=0.0, 516443=4.0, 516442=0.0, 516441=0.0, 516440=0.0, 516455=0.0, 516454=0.0, 516453=1.0, 516452=0.0, 516451=0.0, 516450=0.0, 516449=0.0, 516448=4.0, 516458=2.0, 516457=0.0, 516456=0.0}"
EmissionCAN,18FF0833,8,c0c080b0c0e0ffff,"{516487=0.0, 516486=0.0, 516485=0.0, 516484=0.0, 516483=4.0, 516482=0.0, 516481=0.0, 516480=0.0, 516488=6.0, 516463=4.0, 516462=0.0, 516461=0.0, 516460=0.0, 516459=0.0, 516471=0.0, 516470=0.0, 516469=0.0, 516468=4.0, 516467=0.0, 516466=0.0, 516465=0.0, 516464=0.0, 516479=0.0, 516478=3.0, 516477=0.0, 516476=0.0, 516475=0.0, 516474=0.0, 516473=0.0, 516472=0.0}"
EmissionCAN,18FF6B17,8,f1234b5f1b5241ff,"{516224=1.09590003E9, 516223=75.0, 516222=35.0, 516221=1.0}"
EmissionCAN,18FF3721,8,fce8d1d5ece4ffff,"{516356=36.0, 516355=44.0, 516354=21.0, 516353=17.0, 516352=40.0, 516351=4.0}"
EmissionCAN,18FFC433,8,f80626b304c8718e,"{516500=36465.0, 516499=51204.0, 516498=45862.0, 516497=1784.0}"
EmissionCAN,18E8FF4C,8,58ffffffd8ffffff,"{0=216.0, 2541=88.0}"
EmissionCAN,18FF8233,8,020000000000faff,"{0=0.0, 516230=0.0, 516229=2.0, 516228=0.0, 516227=0.0, 516226=0.0}"
EmissionCAN,18FF7433,8,736da9823ad34dfe,"{516367=169.0, 516366=109.0, 516365=115.0, 516372=254.0, 516371=77.0, 516370=211.0, 516369=58.0, 516368=130.0}"
EmissionCAN,18FF7633,8,665453e4c8a6ffff,"{516375=83.0, 516374=84.0, 516373=102.0, 516378=166.0, 516377=200.0, 516376=228.0}"
EmissionCAN,18FFC633,8,d08b42dcf1d75395,"{516503=55281.0, 516502=56386.0, 516501=35792.0, 516504=38227.0}"
EmissionCAN,18FF7133,8,9b99f83d4c75417f,"{516359=248.0, 516358=153.0, 516357=155.0, 516364=127.0, 516363=65.0, 516362=117.0, 516361=76.0, 516360=61.0}"
EmissionCAN,18FF9847,11,0000000000000000000000,"{516295=0.0, 516294=0.0, 516293=0.0, 516292=0.0, 516291=0.0, 516290=0.0, 516289=0.0, 516288=0.0, 516296=0.0, 516287=0.0, 516286=0.0}"
EmissionCAN,18FF7C33,8,2e6c6fba6d0ae2ff,"{516511=13.0, 516510=47727.0, 516509=27694.0, 516519=2.0, 516518=0.0, 516517=2.0, 516516=0.0, 516515=0.0, 516514=2.0, 516513=2.0, 516512=3.0}"
EmissionCAN,18FF0A33,8,81eb86aaea0ec52f,"{516492=12229.0, 516491=3818.0, 516490=43654.0, 516489=60289.0}"
EmissionCAN,18FFC933,8,7315e18ec0764f95,"{516508=38223.0, 516507=30400.0, 516506=36577.0, 516505=5491.0}"
EmissionCAN,18FDC3FE,8,3743898fffffffff,"{2624=26.800001, 2625=54.8, 2626=57.2, 2623=22.0}"
EmissionCAN,C001003,8,c2c880abffffff6b,"{897=0.0, 898=4121.0, 518=46.0, 4206=11.0, 4207=6.0, 695=2.0, 696=0.0}"
EmissionCAN,C00002A,8,eadcb6b5ffffff8d,"{897=2.0, 898=5851.5, 518=56.0, 4206=13.0, 4207=8.0, 695=2.0, 696=2.0}"
EmissionCAN,18F00500,8,ff74c673ffffffff,"{523=-10.0, 526=50.804}"
EmissionCAN,C0000A0,8,e688d1bfffffff5b,"{897=2.0, 898=6705.0, 518=66.0, 4206=11.0, 4207=5.0, 695=2.0, 696=1.0}"
EmissionCAN,C00000B,8,c425e429ffffffcc,"{897=0.0, 898=7300.625, 518=-84.0, 4206=12.0, 4207=12.0, 695=0.0, 696=1.0}"
EmissionCAN,18FEFC17,8,ffdeffffffff9dff,"{96=88.8, 38=62.8}"
EmissionCAN,C00100B,8,e812afb3ffffff46,"{897=2.0, 898=5602.25, 518=54.0, 4206=6.0, 4207=4.0, 695=0.0, 696=2.0}"
EmissionCAN,18850021,8,ffd1ffffffffffff,{6874=83.6}
EmissionCAN,18FF90FB,8,ffff00d3ffffffff,"{516175=0.0, 516254=0.0, 516253=0.0, 516251=0.0, 516250=0.0, 516265=1.0}"
EmissionCAN,18FF5117,8,50e3e636ec6d01ff,"{516105=149881.9, 516104=1.1579477E7}"
EmissionCAN,18FF6021,8,c1cc5aa6ab3cfc1f,"{516135=90.0, 516134=204.0, 516133=0.0, 516132=0.0, 516131=0.0, 516130=0.0, 516129=1.0, 516139=4.0, 516138=60.0, 516137=31.0, 516136=166.0}"
EmissionCAN,18FEFD00,8,ff60b4ffffffffff,{159=23088.0}
EmissionCAN,C002903,8,e4b9ac57ffffffa2,"{897=2.0, 898=5527.125, 518=-38.0, 4206=2.0, 4207=10.0, 695=0.0, 696=1.0}"
EmissionCAN,18FF5417,8,7dfe09fc81f8fcff,"{516165=63617.0, 516118=0.0, 516117=9.0, 516115=3709.0}"
EmissionCAN,18FF914C,8,9de707ffffffffff,{516170=518045.0}
EmissionCAN,1CFF4121,8,f4f40b008af60100,"{516181=128650.0, 516180=783604.0}"
EmissionCAN,1CFF1721,6,fec0c938ecfe,"{516143=0.0, 516142=0.0, 516141=0.0, 516140=0.0, 516151=0.0, 516150=0.0, 516149=0.0, 516148=0.0, 516147=0.0, 516146=0.0, 516145=0.0, 516144=0.0, 516158=0.0, 516157=0.0, 516156=2.0, 516155=0.0, 516154=0.0, 516153=0.0, 516152=0.0}"
EmissionCAN,18FF5517,8,00feb8fff0ffffff,"{516119=0.0, 516127=0.0, 516126=0.0, 516125=0.0, 516124=0.0, 516123=0.0, 516122=0.0, 516121=0.0, 516120=0.0, 516128=9.5199995, 516520=0.0}"
EmissionCAN,18FF8019,8,90150793ffffffff,"{516103=2.0, 516102=147.0, 516101=112.0, 516100=1.0, 516099=10.5, 516098=0.0, 516097=0.0}"
EmissionCAN,18FF6221,8,b968dc59f22bfcff,"{0=0.0, 516255=1.0, 516262=7.0, 516261=0.0, 516260=1.0, 516259=2.0, 516258=2.0, 516257=0.0, 516256=2.0, 516350=0.42999998}"
EmissionCAN,CFF9247,8,fc8854ffffffffff,"{516271=1.0, 516270=1.0, 516269=0.0, 516268=2.0, 516267=0.0, 516266=2.0, 516265=0.0, 516264=0.0, 516272=1.0}"
EmissionCAN,C00292A,8,d813390fffffffcc,"{897=1.0, 898=1826.375, 518=-110.0, 4206=12.0, 4207=12.0, 695=0.0, 696=2.0}"
EmissionCAN,18FF5217,8,3d6cff4ffb624942,"{516109=27151.0, 516108=76.3, 516107=7.9, 516106=101074.9}"
EmissionCAN,18FC4233,8,979d8fffffffffff,"{6988=36765.0, 929=151.0}"
EmissionCAN,18F00521,8,ffffff45ffffffff,{523=-56.0}
EmissionCAN,C00290B,8,e8fdd360ffffffed,"{897=2.0, 898=6783.625, 518=-29.0, 4206=13.0, 4207=14.0, 695=0.0, 696=2.0}"
EmissionCAN,C00102A,8,e15e095cffffff5a,"{897=2.0, 898=299.75, 518=-33.0, 4206=10.0, 4207=5.0, 695=1.0, 696=0.0}"
EmissionCAN,18FEFF21,8,f7ffffffffffffff,{5675=1.0}
EmissionCAN,18FF6533,8,e7559842a59886f5,"{516183=2.0, 516182=0.0, 516181=1.0, 516180=1.0, 516179=1.0, 516178=1.0, 516177=2.0, 516176=7.0, 516191=1.0, 516190=1.0, 516189=1.0, 516188=0.0, 516187=0.0, 516186=2.0, 516185=2.0, 516184=1.0, 516199=1.0, 516198=2.0, 516197=2.0, 516196=1.0, 516195=2.0, 516194=0.0, 516193=2.0, 516192=2.0, 516203=1.0, 516202=1.0, 516201=2.0, 516200=0.0}"
EmissionCAN,18FEE400,8,667ffefeffffff3f,"{0=0.0, 590=1.0, 591=1.0, 592=2.0, 593=2.0, 594=1.0, 985=2.0, 1081=2.0}"
EmissionCAN,CFEFF00,8,fcfeffffffffffff,"{5825=6.0, 97=0.0}"
EmissionCAN,18FF5317,8,8e53f51c6254508e,"{516111=2.8, 516110=34907.0, 516113=58291.7, 516112=112.200005}"
EmissionCAN,18FEEF21,8,ffffff8dffffffff,{100=564.0}
EmissionCAN,10F0ED00,8,2410ffffffff3f36,"{7745=0.0, 7746=1.0, 7747=0.0, 7748=4.0, 7749=0.0, 7750=3.0, 7751=54.0, 7788=1.0}"
EmissionCAN,18FF8625,8,1400f5ffffbfb1f7,{0=5.0}
EmissionCAN,1CFBE800,8,96f8c3b73880ffff,"{8326=1.5415369E9, 12748=3282.4001}"
EmissionCAN,18FECA00,8,9140b53b1627ffff,"{987=1.0, 3038=1.0, 3039=0.0, 3040=0.0, 3041=0.0, 623=1.0, 624=0.0, 1213=2.0, 1214=6.5576851E8}"
EmissionCAN,18FF2847,8,f8ffffffffffffff,{0=0.0}
EmissionCAN,1885FF00,8,ffa7fffbffffffff,"{7759=2.0, 6874=66.8}"
EmissionCAN,18E8FF47,8,42a0ffffb244f175,"{0=178.0, 2541=66.0, 2542=160.0, 2543=7729476.0}"
EmissionCAN,10F0F500,8,fffffffffffff3ff,{7756=0.0}
EmissionCAN,18EAFBFF,3,de3d0f,{2574=998878.0}
EmissionCAN,18FCB600,8,831877e2ea11ffff,"{7497=3.4, 5981=15.6875, 5982=57975.0, 5983=117.0}"
EmissionCAN,C1EFF00,8,7c50ffffffffffff,{7589=20.604}
EmissionCAN,18E00017,8,ffffff7fffffffff,{1856=1.0}
PrognosticCAN,CF013FB,8,5b5eec85ffffffff,"{3318=-15.689999, 3319=4.568001}"
PrognosticCAN,18EAFEFB,3,bb4d5f,{2574=6245819.0}
PrognosticCAN,18FF90FB,8,ffff54e3ffffffff,"{516175=0.0, 516254=0.0, 516253=1.0, 516251=1.0, 516250=1.0, 516265=2.0}"
PrognosticCAN,18FF6BFB,8,fdb674e619bdc6ff,"{516224=3.33428173E9, 516223=116.0, 516222=182.0, 516221=13.0}"
PrognosticCAN,18FF96FB,8,c0ffffffffffffff,"{0=0.0, 516229=0.0}"
PrognosticCAN,18FF9AFB,8,00000000ffff00ff,"{516301=0.0, 516300=0.0, 516299=0.0, 516298=0.0, 516297=0.0}"
PrognosticCAN,18FF9CFB,8,0000000000000000,"{516303=0.0, 516310=0.0, 516309=0.0, 516308=0.0, 516307=0.0, 516306=0.0, 516305=0.0, 516304=0.0}"
PrognosticCAN,18FECAFB,8,aa94aac4fdf8ffff,"{0=4.17738061E9, 987=2.0, 3038=2.0, 3039=1.0, 3040=1.0, 3041=0.0, 623=2.0, 624=2.0, 1213=2.0}"
PrognosticCAN,18FECBFB,8,6810a2b9a097ffff,"{0=2.54389299E9, 987=0.0, 3038=0.0, 3039=1.0, 3040=0.0, 3041=0.0, 623=2.0, 624=2.0, 1213=1.0}"
PrognosticCAN,18FECDFB,13,3262e7dc35fca80e607d9ff535,"{0=9.0366963E8, 1217=50.0, 899=12.0, 84=53.95703, 92=125.0, 102=336.0, 110=119.0, 190=3073.75}"
PrognosticCAN,18E8FFFB,8,8894ffff536269f3,"{0=83.0, 2541=136.0, 2542=148.0, 2543=1.5952226E7}"
PrognosticCAN,18FEEBFB,8,f19052c0ffffffff,"{586=241.0, 587=144.0, 588=82.0, 233=192.0}"
PrognosticCAN,18FEDAFB,8,07baffffffffffff,"{965=7.0, 234=186.0}"
PrognosticCAN,18FEE6FB,8,21837055df22deaf,"{960=131.0, 961=112.0, 1601=97.0, 962=55.75, 1602=50.0, 963=85.0, 964=2019.0, 959=8.25}"
PrognosticCAN,18E8FB47,8,03edffffce829c03,"{0=206.0, 2541=3.0, 2542=237.0, 2543=236674.0}"
PrognosticCAN,18FEF803,8,017e14ef6019425c,"{3026=5.0, 3027=-29.5, 3028=12.0, 177=-70.0, 123=16.0, 124=50.4, 126=40.0, 127=3824.0}"
PrognosticCAN,18FEF700,8,e6ffffffb3c3ffff,"{168=2504.95, 114=105.0}"
PrognosticCAN,18FE4E21,8,31ffffffffffffff,"{3411=0.0, 1821=1.0}"
PrognosticCAN,CF013FB,8,6009adbfffffffff,"{3318=-59.2, 3319=34.13801}"
PrognosticCAN,18FEFDFE,8,ff0514ffffffffff,{159=2562.5}
PrognosticCAN,18FEAE17,8,b45ca7064ebefeff,"{1088=48.0, 1089=624.0, 1090=1520.0, 1351=2.0, 46=1440.0, 1086=736.0, 1087=1336.0}"
PrognosticCAN,10FE6F2A,8,477bedc9792353ff,"{1796=1.0, 1797=0.0, 5022=1.0, 1586=71.0, 1587=123.0, 1588=237.0, 1589=1.0, 1590=1.0, 1591=-179.05469}"
PrognosticCAN,18FEF500,8,c0ffffc3ce1bffff,"{171=1381.0938, 108=96.0, 172=-13.0}"
PrognosticCAN,1CFEAAFE,8,46b62a15bcffffff,"{1116=70.0, 1692=1093.4, 1693=8.400001, 1694=63.0}"
PrognosticCAN,18EAFEFB,3,e437d9,{2574=1.423562E7}
PrognosticCAN,18FED500,8,b30cf0ffffffffff,"{589=1625.5, 3353=0.0, 3354=0.0}"
PrognosticCAN,18F00F00,8,e2b6ffffffffffff,{3226=2140.9001}
PrognosticCAN,18FDB200,8,ffffffffea2effff,{3251=1201.0}
PrognosticCAN,18F00E00,8,484affffffffffff,{3216=750.8}
PrognosticCAN,14FD6800,8,66d7edffffffffff,{417=3.1174348E7}
PrognosticCAN,18FD7B00,8,96689eef59f1321f,"{3719=150.0, 3720=104.0, 3721=4.0492032E9, 5466=19.965}"
PrognosticCAN,1CFD9200,8,b29a3ff37bd7ffd1,"{3602=2.0, 3604=1.0, 3606=1.0, 3543=2.0, 3607=1.0, 3544=16282.0, 6385=2.0, 632=0.0, 3644=83.6}"
PrognosticCAN,1CFEA700,8,0cc89cd571d26596,"{8463=170.0, 8464=61.0, 8465=110.0, 1122=-28.0, 1123=160.0, 1124=116.0, 1125=173.0, 1126=73.0}"
PrognosticCAN,18FDB400,8,4adfffffffffffff,{3241=1513.3125}
PrognosticCAN,18FE5600,8,6705e45d7fffedff,"{3031=-35.0, 1761=41.2, 3363=94.8, 3517=2403.6, 5245=3.0}"
PrognosticCAN,18FD7900,32,3f77572b9a5c83e4627e8bdc3109d7d6acc1330191cee28cfc3a89b35fe93211,"{3733=3.63576224E8, 3734=3.83381427E9, 3735=3.70012928E9, 3736=3.60441677E9, 3737=2.0169132E7, 3738=2.36367437E9, 3739=3.0121152E9, 3740=2.88549216E8}"
PrognosticCAN,18FDB300,8,ffffc33affffffff,{3246=197.09375}
PrognosticCAN,18FD2000,8,99b3836affffffff,"{4765=1163.7812, 4766=579.09375}"
PrognosticCAN,18FD49FE,8,11066404f6ffffff,"{4236=12.400002, 4237=55.300003, 4240=6.0}"
PrognosticCAN,14FD3E00,8,1630ff5cf5ffffff,"{4360=111.6875, 4363=1689.875}"
PrognosticCAN,18FD3C00,8,ffff9ffffffec7ff,"{7107=1.0, 4375=63.600002, 7416=0.0, 5435=2.0}"
PrognosticCAN,F02B00,8,edffffffffffffbe,"{4973=65.0, 4974=14.0, 4975=11.0}"
PrognosticCAN,18FEA400,8,ffffcf50ffffffff,{1136=373.46875}
PrognosticCAN,18FD0700,8,176dec3fbff1ffff,"{9683=2.0, 9684=1.0, 9685=0.0, 5078=1.0, 5079=1.0, 5080=0.0, 5081=1.0, 5082=2.0, 5083=1.0, 5084=0.0, 5086=2.0, 6709=0.0}"
PrognosticCAN,18E01721,8,ffffffbfffffffff,{1856=2.0}
PrognosticCAN,1CFEBCFE,16,729aca3fa565e53b3b8a573b8dc1b4d6,"{990=1.33780304E8, 991=1.25611192E8, 992=1.24449096E8, 993=3.60217037E9}"
PrognosticCAN,18FEED00,8,c9ffffffffffffff,{74=201.0}
PrognosticCAN,18FEF100,8,e327d30818be3aff,"{70=0.0, 527=1.0, 976=26.0, 595=0.0, 84=211.15234, 596=2.0, 597=0.0, 598=0.0, 86=190.0, 599=0.0, 600=2.0, 601=1.0, 602=0.0, 1633=2.0}"
PrognosticCAN,CF00A00,8,5c23c7a3ffffffff,"{132=2096.35, 2659=452.6}"
PrognosticCAN,18FEDF00,8,7fd97aff5931efff,"{514=2.0, 515=3931.125, 2978=-36.0, 3236=12246.601}"
PrognosticCAN,18FEEE00,8,4f73f0c9ffff98ff,"{110=39.0, 174=75.0, 175=1342.5, 52=112.0}"
PrognosticCAN,1CFEA900,8,ffffffffce87ffff,{1119=86.915}
PrognosticCAN,18FEEF00,8,ffff782bffffffac,"{98=48.0, 100=172.0, 111=68.8}"
PrognosticCAN,18F00010,8,97706b299615044e,"{1667=2.0, 900=7.0, 520=-13.0, 1480=150.0, 4233=2.0, 4234=0.0, 1715=-104.0, 1716=1.6, 1717=-47.0, 1082=1.0, 571=1.0, 572=2.0, 1085=-18.0}"
PrognosticCAN,CF00400,8,49a0b7b2c5e5f731,"{512=35.0, 2432=-76.0, 513=58.0, 899=9.0, 1483=229.0, 1675=7.0, 4154=0.5, 190=6326.25}"
PrognosticCAN,18FEDB00,8,ffffb4b3ffffffff,{157=179.70312}
PrognosticCAN,18FDD500,8,70060519682ec5ef,"{5323=1.0, 5457=0.0, 2789=-221.5, 2790=-72.84375, 2791=29.699999, 2792=1.0, 2795=95.6}"
PrognosticCAN,1CFEB100,8,04d92bcb9392af0d,"{1032=4.26081056E8, 1033=1.1480507E7}"
PrognosticCAN,CF00300,8,cfb969ff061fe4ba,"{5398=61.0, 5399=1.0, 5400=0.0, 91=74.0, 92=105.0, 1437=0.0, 29=2.4, 3357=91.200005}"
PrognosticCAN,18FDC40B,8,5f8bfff3ffffffff,"{5847=0.0, 2912=2.0, 2917=2.0, 2918=8.0}"
PrognosticCAN,18FEFC00,8,fff3ffffffffffff,{96=97.200005}
PrognosticCAN,18FEEC00,8,78ffffffffffffff,{237=120.0}
PrognosticCAN,18FEBF0B,8,a9289dc65893aa92,"{904=40.660156, 905=2.0, 906=4.5625, 907=-2.3125, 908=1.375, 909=2.8125, 910=1.3125}"
PrognosticCAN,18FEE300,39,cecb10c9b34a840d4ef3667c76082d32989c18882405b5ffffffffff042e9aa160ccfa36b38c48,"{1794=165.48001, 528=5753.125, 3344=250.0, 529=432.5, 3345=54.0, 530=3294.375, 3346=179.0, 531=270.75, 3347=140.0, 532=4870.25, 3348=72.0, 533=5792.625, 539=-109.0, 540=-51.0, 541=-47.0, 542=-1.0, 543=-80.0, 544=9352.0, 545=4.921875, 1712=1472.5, 1846=52320.0, 188=6521.75}"
PrognosticCAN,18FDC600,8,f9ffffffffffffff,"{1804=2.0, 626=1.0}"
PrognosticCAN,18F0010B,8,46ff5fffff52e44b,"{1792=1.0, 577=1.0, 1793=1.0, 1481=228.0, 1238=1.0, 1243=2.0, 1438=1.0, 1439=0.0, 2911=2.0, 1121=1.0, 1836=0.0, 561=2.0, 562=1.0, 563=0.0}"
PrognosticCAN,1CFE4D00,8,9a157656ffffffff,"{1834=276.5, 1835=43.230576}"
PrognosticCAN,18FEE110,19,dd7839ed6daa736e51a701b0a0c4f4e9ba9fa2,"{901=13.0, 902=13.0, 546=7591.125, 547=7486.5, 548=3701.25, 549=5354.125, 550=5142.0, 551=-16.0, 552=-15.0, 553=-124.0, 554=71.0, 555=37.0, 556=40890.0, 557=120.0}"
PrognosticCAN,18FEE203,8,d6f6c509ffffffff,"{581=2.5010002, 957=246.0, 958=214.0}"
PrognosticCAN,18FEF000,8,fffffffffffffff7,{3447=1.0}
PrognosticCAN,18FEC000,8,3f8aa7ff2cd4346a,"{911=63.0, 913=212.0, 914=53815.0, 915=-81.0, 916=-4939.0}"
PrognosticCAN,C01FEFE,8,857897a011a94f82,"{5762=0.0, 525=26.0, 4242=2.0, 4246=2.0, 4247=0.0, 4248=0.0, 4249=2.0, 4255=3.0, 681=1.0, 2985=1.0, 682=1.0, 683=0.0, 684=48.0, 685=0.0, 686=0.0, 687=2.0, 688=2.0, 689=1.0, 690=0.0, 691=1.0, 1852=1.0, 1853=2.0, 1854=2.0, 1855=2.0}"
PrognosticCAN,18FE9900,8,8b14ffffffffffff,{1176=-208.91406}
PrognosticCAN,18FE9800,8,6715ffffffffffff,{1180=-101.78125}
PrognosticCAN,1CFEB500,8,d81ba0f476e31725,"{1020=7128.0, 1021=62624.0, 1022=58230.0, 1023=9495.0}"
PrognosticCAN,1CFEBA00,12,48d779c814447c8de445d7d9,"{998=4.20428512E8, 999=2.96716416E8, 1000=4.56845504E8}"
PrognosticCAN,C000003,8,e2ffbf49ffffff9c,"{897=2.0, 898=6143.875, 518=-52.0, 4206=12.0, 4207=9.0, 695=2.0, 696=0.0}"
PrognosticCAN,1CFEB400,16,ac7e1a2384dd6994c68990cc7e31fd25,"{1024=2.9446948E7, 1025=1.24498304E8, 1026=1.71601232E8, 1027=3.1867514E7}"
PrognosticCAN,1CFEB000,20,c860ec8f042afce0565b1537851cf42ca17c7800,"{1034=1.20731664E8, 1035=1.8873112E8, 1036=4.6207324E7, 1037=3.770978E7, 1038=394811.25}"
PrognosticCAN,18FEE000,8,7fa9f4b4b8cb92f0,"{244=3.79491616E8, 245=5.0451904E8}"
PrognosticCAN,18FE4F0B,8,ea91feffffffffff,"{1813=2.0, 1814=2.0, 1815=2.0, 1816=1.0, 1817=1.0, 1818=0.0, 1819=2.0, 5624=2.0}"
PrognosticCAN,18FEC100,8,4695380095c53200,"{917=1.854115E7, 918=1.6636905E7}"
PrognosticCAN,18FEE700,8,0f6d4bcc76cd093a,"{246=1.71374768E8, 248=4.8686048E7}"
PrognosticCAN,18FEF433,8,6d8003ba8afe4187,"{521101=1662.6562, 521100=1215.0938, 6990=2.0, 521111=769.125, 521110=1697.9688, 516255=0.0, 2586=1689.4, 2587=4.0, 521113=791.78125, 521112=899.4375, 929=109.0, 1697=0.0, 1698=2.0, 1699=2.0, 521123=-201.71875, 521122=663.59375, 521121=262.09375, 521120=1149.0938, 521133=474.84375, 521132=-149.1875, 521131=477.1875, 521130=-210.65625, 241=128.0}"
PrognosticCAN,18FEBD00,8,0ef5054effffffff,"{975=5.6, 977=5.0, 1639=2496.625}"
PrognosticCAN,18F00503,8,4756c4713500f200,"{523=-12.0, 524=-54.0, 526=50.262, 162=53.0, 163=242.0}"
PrognosticCAN,18FEE900,8,1ad35fc536f0036f,"{182=1.65569574E9, 250=9.3126451E8}"
PrognosticCAN,18FEF200,8,d969dfda6186d6ff,"{51=85.6, 183=1354.85, 184=109.43582, 185=67.18962}"
PrognosticCAN,18FFA000,8,d2635efa1853dc01,{0=1.0}
PrognosticCAN,1CFEB900,22,22abf4a3c26ca0a6e1b83cbec08ba7650a8ba609fae9,"{1001=1.37536038E9, 1002=1.39776576E9, 1003=1.59582528E9, 1004=8.5273958E8, 1005=8.095476E7, 1006=116.98857}"
PrognosticCAN,1CFEC321,8,faffffffffffffff,"{778=2.0, 779=2.0}"
PrognosticCAN,14FD8100,8,bbffffffffffffff,{3672=74.8}
PrognosticCAN,1CFEB3FE,8,333e6f2b066cec55,"{1028=3.6435536E8, 1029=1382.7001, 5458=54.989998}"
PrognosticCAN,18FFA300,8,ff8a5bebe13effff,{0=50718.688}
PrognosticCAN,1CFE9100,8,feffffffffffffff,{1239=2.0}
PrognosticCAN,CF00203,8,92c51b70d49c5c43,"{522=44.8, 1482=67.0, 4816=2.0, 5015=1.0, 606=0.0, 607=1.0, 161=2963.5, 560=2.0, 573=0.0, 574=1.0, 191=888.625}"
PrognosticCAN,18FE69FE,8,d6e22929a2485fdd,"{2630=1497.9688, 1636=1541.6875, 1637=56.28125, 2986=308.0625}"
PrognosticCAN,10F007E8,8,aaffffffffffffff,"{1700=2.0, 1701=2.0, 3565=2.0, 3566=2.0}"
PrognosticCAN,18FD8300,8,f8ffffffffffffff,{3645=0.0}
PrognosticCAN,1CFE8700,8,4b94feaca0ac8c3f,"{1433=96.58594, 1434=145.98438, 1435=145.25, 1436=-72.90625}"
PrognosticCAN,18FEA600,8,1f40ffffffffffff,{1127=2051.875}
PrognosticCAN,18FEDC00,8,7175775f34ee31f9,"{235=2.09039952E8, 236=8.0083219E8}"
PrognosticCAN,18FD9503,8,ca6a5b2a17f39c6b,"{3533=2.0, 4177=16.800001, 5913=1671.7188, 5914=15.5, 5915=11.0, 5916=6.0, 3359=2.0, 5345=0.0, 3823=458.3125}"
PrognosticCAN,18FE4021,8,2d4e5ffffefff4ff,"{2368=1.0, 2370=0.0, 2372=1.0, 2374=1.0, 2388=2.0, 2390=2.0, 2396=1.0, 2398=0.0, 2404=1.0, 2348=0.0, 2350=2.0}"
PrognosticCAN,18FEFF00,8,fdfbffffffffffff,"{5825=3.0, 97=1.0}"
PrognosticCAN,18FEF600,8,ff7b6affff3016ff,"{102=246.0, 105=66.0, 173=-95.5}"
PrognosticCAN,18FDA400,8,fffffffffffffeff,{3948=2.0}
PrognosticCAN,1CFEB200,8,ffffffffffff3a3a,{1389=1.4906}
PrognosticCAN,10FDA300,8,d8ee5b01ffffffff,"{641=36.4, 3470=152.86, 3675=0.4}"
PrognosticCAN,1CFEAF00,8,bd0901df617aa40f,"{1039=1.87069363E9, 1040=1.31218736E8}"
PrognosticCAN,1CFEB800,22,c3634616ffffffffffffffff7e8c3229ffffffffdce9,"{1007=1.86855904E8, 1010=3.45589312E8, 1012=116.92998}"
PrognosticCAN,18FDE60B,8,fffffff3ffffffff,{2931=0.0}
PrognosticCAN,18FEE500,8,5d664febffffffff,{247=1.97392464E8}
PrognosticCAN,18FD9B00,8,2b26ffe6feffffff,"{3520=30.0, 3515=3.0, 3516=9.5, 3519=6.0}"
PrognosticCAN,18FCF200,8,caffaaffffffffff,"{5377=68.0, 5374=80.8}"
PrognosticCAN,18FD0900,8,8626c01ea3a53fa4,"{5053=515909.28, 5054=2755634.8}"
PrognosticCAN,CF02FA0,8,f0ffffffffffffff,{5676=0.0}
PrognosticCAN,18FCC800,8,feffffffffff27ff,"{5794=2.0, 10297=15.6}"
PrognosticCAN,18FDC200,8,ffffffffffff22ff,{5837=34.0}
PrognosticCAN,18FD6F00,8,524a7cce0fba1dff,"{4750=1378.875, 4751=23815.5, 4752=11.6, 3821=47.565}"
PrognosticCAN,18FD0600,8,fffdffffffffffff,{5091=1.0}
PrognosticCAN,18FD9400,8,07bdffffffffffff,{27=120.9775}
PrognosticCAN,18FD7C00,8,fca485a5002449e3,"{3712=0.0, 3713=0.0, 3714=0.0, 3715=1.0, 3716=2.0, 3717=0.0, 3718=1.0, 4175=2.0, 3750=2.0, 3697=4.0, 3698=2.0, 3699=0.0, 3700=1.0, 3701=2.0, 3702=1.0, 3703=1.0, 3704=0.0, 3705=2.0, 3706=1.0, 3707=1.0, 3708=2.0, 3709=2.0, 5629=0.0, 3710=0.0, 3711=0.0}"
PrognosticCAN,18FF9447,8,f9fdfaf1f0f1ffff,"{516311=13.0, 516310=9.0, 516315=1.0, 516314=0.0, 516313=1.0, 516312=10.0}"
PrognosticCAN,18FF0433,8,b0a080a0b0a080b0,"{516418=3.0, 516417=0.0, 516416=0.0, 516383=3.0, 516382=0.0, 516381=0.0, 516380=0.0, 516379=0.0, 516391=0.0, 516390=0.0, 516389=0.0, 516388=2.0, 516387=0.0, 516386=0.0, 516385=0.0, 516384=0.0, 516399=0.0, 516398=2.0, 516397=0.0, 516396=0.0, 516395=0.0, 516394=0.0, 516393=0.0, 516392=0.0, 516407=0.0, 516406=0.0, 516405=0.0, 516404=0.0, 516403=3.0, 516402=0.0, 516401=0.0, 516400=0.0, 516415=0.0, 516414=0.0, 516413=0.0, 516412=0.0, 516411=0.0, 516410=0.0, 516409=0.0, 516408=2.0}"
PrognosticCAN,18FF0C33,8,b39e8527478a9f10,"{516495=35399.0, 516494=10117.0, 516493=40627.0, 516496=4255.0}"
PrognosticCAN,18FF0633,8,909080d080c0a080,"{516423=1.0, 516422=0.0, 516421=0.0, 516420=0.0, 516419=0.0, 516431=0.0, 516430=0.0, 516429=0.0, 516428=1.0, 516427=0.0, 516426=0.0, 516425=0.0, 516424=0.0, 516439=0.0, 516438=5.0, 516437=0.0, 516436=0.0, 516435=0.0, 516434=0.0, 516433=0.0, 516432=0.0, 516447=0.0, 516446=0.0, 516445=0.0, 516444=0.0, 516443=0.0, 516442=0.0, 516441=0.0, 516440=0.0, 516455=0.0, 516454=0.0, 516453=2.0, 516452=0.0, 516451=0.0, 516450=0.0, 516449=0.0, 516448=4.0, 516458=0.0, 516457=0.0, 516456=0.0}"
PrognosticCAN,18FF0833,8,e09080c080c0ffff,"{516487=0.0, 516486=0.0, 516485=0.0, 516484=0.0, 516483=0.0, 516482=0.0, 516481=0.0, 516480=0.0, 516488=4.0, 516463=6.0, 516462=0.0, 516461=0.0, 516460=0.0, 516459=0.0, 516471=0.0, 516470=0.0, 516469=0.0, 516468=1.0, 516467=0.0, 516466=0.0, 516465=0.0, 516464=0.0, 516479=0.0, 516478=4.0, 516477=0.0, 516476=0.0, 516475=0.0, 516474=0.0, 516473=0.0, 516472=0.0}"
PrognosticCAN,18FF6B17,8,f564f52b4d3d1aff,"{516224=4.40225056E8, 516223=245.0, 516222=100.0, 516221=5.0}"
PrognosticCAN,18FF3721,8,facafbf4c3efffff,"{516356=47.0, 516355=3.0, 516354=52.0, 516353=59.0, 516352=10.0, 516351=2.0}"
PrognosticCAN,18FFC433,8,a085ba6c4982b2ea,"{516500=60082.0, 516499=33353.0, 516498=27834.0, 516497=34208.0}"
PrognosticCAN,18E8FF4C,8,1fffffffaeffffff,"{0=174.0, 2541=31.0}"
PrognosticCAN,18FF8233,8,020000000000f8ff,"{0=0.0, 516230=0.0, 516229=2.0, 516228=0.0, 516227=0.0, 516226=0.0}"
PrognosticCAN,18FF7433,8,ea30bcc480af0b56,"{516367=188.0, 516366=48.0, 516365=234.0, 516372=86.0, 516371=11.0, 516370=175.0, 516369=128.0, 516368=196.0}"
PrognosticCAN,18FF7633,8,9d6e3f136ec7ffff,"{516375=63.0, 516374=110.0, 516373=157.0, 516378=199.0, 516377=110.0, 516376=19.0}"
PrognosticCAN,18FFC633,8,66ee45090d9add10,"{516503=39437.0, 516502=2373.0, 516501=61030.0, 516504=4317.0}"
PrognosticCAN,18FF7133,8,540087f612ed043f,"{516359=135.0, 516358=0.0, 516357=84.0, 516364=63.0, 516363=4.0, 516362=237.0, 516361=18.0, 516360=246.0}"
PrognosticCAN,18FF9847,11,0000000000000000000000,"{516295=0.0, 516294=0.0, 516293=0.0, 516292=0.0, 516291=0.0, 516290=0.0, 516289=0.0, 516288=0.0, 516296=0.0, 516287=0.0, 516286=0.0}"
PrognosticCAN,18FF7C33,8,92fee5320588d1ff,"{516511=5.0, 516510=13029.0, 516509=65170.0, 516519=1.0, 516518=0.0, 516517=1.0, 516516=2.0, 516515=0.0, 516514=2.0, 516513=0.0, 516512=0.0}"
PrognosticCAN,18FF0A33,8,a20996c928868c03,"{516492=908.0, 516491=34344.0, 516490=51606.0, 516489=2466.0}"
PrognosticCAN,18FFC933,8,e9ee8567e2086cb5,"{516508=46444.0, 516507=2274.0, 516506=26501.0, 516505=61161.0}"
PrognosticCAN,18FDC3FE,8,2b9fdf22ffffffff,"{2624=63.600002, 2625=89.200005, 2626=13.6, 2623=17.2}"
PrognosticCAN,C001003,8,d00d469fffffffcd,"{897=1.0, 898=2241.625, 518=34.0, 4206=13.0, 4207=12.0, 695=0.0, 696=0.0}"
PrognosticCAN,C00002A,8,e64c2c7bffffff27,"{897=2.0, 898=1417.5, 518=-2.0, 4206=7.0, 4207=2.0, 695=2.0, 696=1.0}"
PrognosticCAN,18F00500,8,ffd88168ffffffff,"{523=-21.0, 526=33.24}"
PrognosticCAN,C0000A0,8,eac9f4a2ffffff48,"{897=2.0, 898=7833.125, 518=37.0, 4206=8.0, 4207=4.0, 695=2.0, 696=2.0}"
PrognosticCAN,C00000B,8,e47f32ecffffffa0,"{897=2.0, 898=1615.875, 518=111.0, 4206=0.0, 4207=10.0, 695=0.0, 696=1.0}"
PrognosticCAN,18FEFC17,8,ffe1ffffffff1aff,"{96=90.0, 38=10.400001}"
PrognosticCAN,C00100B,8,e1031b40ffffff75,"{897=2.0, 898=864.375, 518=-61.0, 4206=5.0, 4207=7.0, 695=1.0, 696=0.0}"
PrognosticCAN,18850021,8,ff1dffffffffffff,{6874=11.6}
PrognosticCAN,18FF90FB,8,ffff84e3ffffffff,"{516175=0.0, 516254=0.0, 516253=1.0, 516251=2.0, 516250=0.0, 516265=2.0}"
PrognosticCAN,18FF5117,8,b096e568eac706ff,"{516105=711031.0, 516104=1.4926405E7}"
PrognosticCAN,18FF6021,8,c280f72cb62afb18,"{516135=247.0, 516134=128.0, 516133=0.0, 516132=0.0, 516131=0.0, 516130=0.0, 516129=2.0, 516139=3.0, 516138=42.0, 516137=24.0, 516136=44.0}"
PrognosticCAN,18FEFD00,8,ffd5d4ffffffffff,{159=27242.5}
PrognosticCAN,C002903,8,d435d347ffffff5a,"{897=1.0, 898=6758.625, 518=-54.0, 4206=10.0, 4207=5.0, 695=0.0, 696=1.0}"
PrognosticCAN,18FF5417,8,01fdd6fed5c6fcff,"{516165=50901.0, 516118=2.0, 516117=214.0, 516115=3329.0}"
PrognosticCAN,18FF914C,8,6f8a07ffffffffff,{516170=494191.0}
PrognosticCAN,1CFF4121,8,995b0c00a3330000,"{516181=13219.0, 516180=809881.0}"
PrognosticCAN,1CFF1721,6,fec0c938e4fe,"{516143=0.0, 516142=0.0, 516141=0.0, 516140=0.0, 516151=0.0, 516150=0.0, 516149=0.0, 516148=0.0, 516147=0.0, 516146=0.0, 516145=0.0, 516144=0.0, 516158=0.0, 516157=0.0, 516156=2.0, 516155=0.0, 516154=0.0, 516153=0.0, 516152=0.0}"
PrognosticCAN,18FF5517,8,00fe2cfcf1ffffff,"{516119=0.0, 516127=0.0, 516126=0.0, 516125=0.0, 516124=0.0, 516123=0.0, 516122=0.0, 516121=0.0, 516120=0.0, 516128=0.44, 516520=1.0}"
PrognosticCAN,18FF8019,8,7aa690a8ffffffff,"{516103=1.0, 516102=168.0, 516101=2304.0, 516100=3.0, 516099=83.0, 516098=2.0, 516097=2.0}"
PrognosticCAN,18FF6221,8,bd84e814f608fdff,"{0=1.0, 516255=5.0, 516262=10.0, 516261=0.0, 516260=2.0, 516259=0.0, 516258=1.0, 516257=0.0, 516256=2.0, 516350=2.6399999}"
PrognosticCAN,CFF9247,8,fe0910ffffffffff,"{516271=1.0, 516270=0.0, 516269=0.0, 516268=0.0, 516267=0.0, 516266=2.0, 516265=1.0, 516264=2.0, 516272=0.0}"
PrognosticCAN,C00292A,8,ca893deaffffff15,"{897=0.0, 898=1969.125, 518=109.0, 4206=5.0, 4207=1.0, 695=2.0, 696=2.0}"
PrognosticCAN,18FF5217,8,e257f0913d56bf78,"{516109=49458.1, 516108=159.7, 516107=14.5, 516106=2249.8}"
PrognosticCAN,18FC4233,8,c8a4abffffffffff,"{6988=43940.0, 929=200.0}"
PrognosticCAN,18F00521,8,ffffffe8ffffffff,{523=107.0}
PrognosticCAN,C00290B,8,d0b3b755ffffff0a,"{897=1.0, 898=5878.375, 518=-40.0, 4206=10.0, 4207=0.0, 695=0.0, 696=0.0}"
PrognosticCAN,C00102A,8,d86ff204ffffffcc,"{897=1.0, 898=7757.875, 518=-121.0, 4206=12.0, 4207=12.0, 695=0.0, 696=2.0}"
PrognosticCAN,18FEFF21,8,f7ffffffffffffff,{5675=1.0}
PrognosticCAN,18FF6533,8,c6800861524410f9,"{516183=2.0, 516182=0.0, 516181=2.0, 516180=0.0, 516179=0.0, 516178=0.0, 516177=0.0, 516176=6.0, 516191=0.0, 516190=2.0, 516189=1.0, 516188=2.0, 516187=0.0, 516186=1.0, 516185=0.0, 516184=0.0, 516199=0.0, 516198=0.0, 516197=1.0, 516196=0.0, 516195=1.0, 516194=0.0, 516193=1.0, 516192=1.0, 516203=2.0, 516202=1.0, 516201=0.0, 516200=1.0}"
PrognosticCAN,18FEE400,8,693ffcfdffffffbf,"{0=2.0, 590=1.0, 591=0.0, 592=2.0, 593=1.0, 594=2.0, 985=0.0, 1081=1.0}"
PrognosticCAN,CFEFF00,8,fdf9ffffffffffff,"{5825=1.0, 97=1.0}"
PrognosticCAN,18FF5317,8,4111fceecde7b2f0,"{516111=23.800001, 516110=79084.9, 516113=98590.2, 516112=199.7}"
PrognosticCAN,18FEEF21,8,ffffff73ffffffff,{100=460.0}
PrognosticCAN,10F0ED00,8,4251ffffffffcf84,"{7745=2.0, 7746=0.0, 7747=1.0, 7748=4.0, 7749=2.0, 7750=12.0, 7751=132.0, 7788=2.0}"
PrognosticCAN,18FF8625,8,1100fcffff1c0cfc,{0=12.0}
PrognosticCAN,1CFBE800,8,c761a40d11ecffff,"{8326=1.14438368E8, 12748=6043.3003}"
PrognosticCAN,18FECA00,8,9295556fff51ffff,"{987=2.0, 3038=2.0, 3039=1.0, 3040=1.0, 3041=1.0, 623=1.0, 624=0.0, 1213=2.0, 1214=1.37569472E9}"
PrognosticCAN,18FF2847,8,f8ffffffffffffff,{0=0.0}
PrognosticCAN,1885FF00,8,ffe8fff3ffffffff,"{7759=0.0, 6874=92.8}"
PrognosticCAN,18E8FF47,8,cae6ffffad40273f,"{0=173.0, 2541=202.0, 2542=230.0, 2543=4138816.0}"
PrognosticCAN,10F0F500,8,fffffffffffffbff,{7756=2.0}
PrognosticCAN,18EAFBFF,3,3698fa,{2574=1.6422966E7}
PrognosticCAN,18FCB600,8,1bad29b32b92ffff,"{7497=29.2, 5981=110.7875, 5982=45865.0, 5983=21.5}"
PrognosticCAN,C1EFF00,8,dca7ffffffffffff,{7589=42.972004}
PrognosticCAN,18E00017,8,ffffff3fffffffff,{1856=0.0}
ICCAN,CF013FB,8,c7f84e0effffffff,"{3318=63.37401, 3319=-56.676}"
ICCAN,18EAFEFB,3,9dd3d3,{2574=1.3882269E7}
ICCAN,18FF90FB,8,ffff16d3ffffffff,"{516175=2.0, 516254=0.0, 516253=1.0, 516251=0.0, 516250=1.0, 516265=1.0}"
ICCAN,18FF6BFB,8,f57c0d56164085ff,"{516224=2.23556966E9, 516223=13.0, 516222=124.0, 516221=5.0}"
ICCAN,18FF96FB,8,c0ffffffffffffff,"{0=0.0, 516229=0.0}"
ICCAN,18FF9AFB,8,00000000ffff00ff,"{516301=0.0, 516300=0.0, 516299=0.0, 516298=0.0, 516297=0.0}"
ICCAN,18FF9CFB,8,0000000000000000,"{516303=0.0, 516310=0.0, 516309=0.0, 516308=0.0, 516307=0.0, 516306=0.0, 516305=0.0, 516304=0.0}"
ICCAN,18FECAFB,8,94811d755354ffff,"{0=1.41475558E9, 987=0.0, 3038=2.0, 3039=0.0, 3040=0.0, 3041=1.0, 623=1.0, 624=1.0, 1213=2.0}"
ICCAN,18FECBFB,8,08a1fc1a730bffff,"{0=1.92092928E8, 987=0.0, 3038=2.0, 3039=2.0, 3040=0.0, 3041=1.0, 623=0.0, 624=2.0, 1213=0.0}"
ICCAN,18FECDFB,13,2c39d2ae0ef3118f03bece03e6,"{0=2.46338112E8, 1217=44.0, 899=3.0, 84=230.01172, 92=190.0, 102=34.0, 110=166.0, 190=113.875}"
ICCAN,18E8FFFB,8,1ea8ffff8d849daf,"{0=141.0, 2541=30.0, 2542=168.0, 2543=1.1509124E7}"
ICCAN,18FEEBFB,8,d105ca5bffffffff,"{586=209.0, 587=5.0, 588=202.0, 233=91.0}"
ICCAN,18FEDAFB,8,31f6ffffffffffff,"{965=49.0, 234=246.0}"
ICCAN,18FEE6FB,8,ebf62540af635cd5,"{960=246.0, 961=37.0, 1601=-33.0, 962=43.75, 1602=88.0, 963=64.0, 964=2084.0, 959=58.75}"
ICCAN,18E8FB47,8,5403ffff401f96f2,"{0=64.0, 2541=84.0, 2542=3.0, 2543=1.5898143E7}"
ICCAN,18FEF803,8,5926eae74a062fc9,"{3026=12.0, 3027=-39.0, 3028=9.0, 177=-222.6875, 123=1424.0, 124=15.2, 126=468.0, 127=3696.0}"
ICCAN,18FEF700,8,83ffffff64d2ffff,"{168=2693.0, 114=6.0}"
ICCAN,18FE4E21,8,78ffffffffffffff,"{3411=1.0, 1821=8.0}"
ICCAN,CF013FB,8,7e7a5148ffffffff,"{3318=-1.2839966, 3319=-26.973999}"
ICCAN,18FEFDFE,8,ff9069ffffffffff,{159=13512.0}
ICCAN,18FEAE17,8,a9df2d47d9ecfdff,"{1088=568.0, 1089=1736.0, 1090=1888.0, 1351=1.0, 46=1352.0, 1086=1784.0, 1087=360.0}"
ICCAN,10FE6F2A,8,95a333e86f1017ff,"{1796=1.0, 1797=1.0, 5022=0.0, 1586=149.0, 1587=163.0, 1588=51.0, 1589=5.0, 1590=0.0, 1591=-217.13281}"
ICCAN,18FEF500,8,1fffff66694affff,"{171=570.1875, 108=15.5, 172=34.0}"
ICCAN,1CFEAAFE,8,ce4656bc0effffff,"{1116=206.0, 1692=2208.6, 1693=75.200005, 1694=-111.0}"
ICCAN,18EAFEFB,3,0188de,{2574=1.4583809E7}
ICCAN,18FED500,8,daacfaffffffffff,"{589=22125.0, 3353=2.0, 3354=2.0}"
ICCAN,18F00F00,8,d94fffffffffffff,{3226=822.05}
ICCAN,18FDB200,8,ffffffffa604ffff,{3251=119.0}
ICCAN,18F00E00,8,ea2cffffffffffff,{3216=374.90002}
ICCAN,14FD6800,8,bb1bb8ffffffffff,{417=2.4131446E7}
ICCAN,18FD7B00,8,f0ddacf7d4b6438c,"{3719=240.0, 3720=221.0, 3721=3.06741043E9, 5466=89.767494}"
ICCAN,1CFD9200,8,360837f7b7ebff58,"{3602=1.0, 3604=2.0, 3606=2.0, 3543=6.0, 3607=2.0, 3544=14088.0, 6385=0.0, 632=1.0, 3644=35.2}"
ICCAN,1CFEA700,8,4518d525c1a86bd1,"{8463=128.0, 8464=67.0, 8465=169.0, 1122=29.0, 1123=-16.0, 1124=173.0, 1125=-3.0, 1126=153.0}"
ICCAN,18FDB400,8,4596ffffffffffff,{3241=929.15625}
ICCAN,18FE5600,8,c4bcd43f9fff52ff,"{3031=148.0, 1761=78.4, 3363=32.8, 3517=1634.0, 5245=4.0}"
ICCAN,18FD7900,32,d54268bc0f5f68c6e517219c46ff6110a39666684f85b57b3308b526ff3d11a3,"{3733=1.58047475E9, 3734=3.32872883E9, 3735=2.61941453E9, 3736=2.74857792E8, 3737=1.75155366E9, 3738=2.07549376E9, 3739=6.4939834E8, 3740=2.73581619E9}"
ICCAN,18FDB300,8,ffffe366ffffffff,{3246=550.09375}
ICCAN,18FD2000,8,1f34a200ffffffff,"{4765=143.96875, 4766=-267.9375}"
ICCAN,18FD49FE,8,3f05a507fdffffff,"{4236=95.7, 4237=34.300003, 4240=13.0}"
ICCAN,14FD3E00,8,b52eff7d46ffffff,"{4360=100.65625, 4363=290.90625}"
ICCAN,18FD3C00,8,ffffe9fffffdebff,"{7107=2.0, 4375=93.200005, 7416=2.0, 5435=1.0}"
ICCAN,F02B00,8,e0ffffffffffff14,"{4973=0.0, 4974=4.0, 4975=1.0}"
ICCAN,18FEA400,8,ffff8042ffffffff,{1136=259.0}
ICCAN,18FD0700,8,2b9dcd3f3ff2ffff,"{9683=0.0, 9684=2.0, 9685=0.0, 5078=2.0, 5079=2.0, 5080=0.0, 5081=1.0, 5082=1.0, 5083=2.0, 5084=1.0, 5086=0.0, 6709=0.0}"
ICCAN,18E01721,8,ffffff7fffffffff,{1856=1.0}
ICCAN,1CFEBCFE,16,ebeb2bc9568030887103f3c09f8b782d,"{990=4.2188736E8, 991=2.85609984E8, 992=4.04643936E8, 993=7.6287475E8}"
ICCAN,18FEED00,8,aaffffffffffffff,{74=170.0}
ICCAN,18FEF100,8,c74ce348482bdeff,"{70=1.0, 527=6.0, 976=30.0, 595=0.0, 84=227.29688, 596=2.0, 597=0.0, 598=1.0, 86=43.0, 599=0.0, 600=2.0, 601=0.0, 602=1.0, 1633=0.0}"
ICCAN,CF00A00,8,3171af32ffffffff,"{132=648.75, 2659=1448.85}"
ICCAN,18FEDF00,8,5d1994ff7b897bff,"{514=-32.0, 515=4739.125, 2978=-2.0, 3236=6325.0}"
ICCAN,18FEEE00,8,9527faf9ffffa1ff,"{110=109.0, 174=-1.0, 175=1726.8125, 52=121.0}"
ICCAN,1CFEA900,8,fffffffffaddffff,{1119=142.065}
ICCAN,18FEEF00,8,ffff631bffffff22,"{98=39.600002, 100=108.0, 111=13.6}"
ICCAN,18F00010,8,8bd6a695e8796f00,"{1667=1.0, 900=11.0, 520=89.0, 1480=232.0, 4233=1.0, 4234=2.0, 1715=-4.0, 1716=44.4, 1717=-125.0, 1082=1.0, 571=0.0, 572=2.0, 1085=41.0}"
ICCAN,CF00400,8,27006e874d3cf340,"{512=-125.0, 2432=-61.0, 513=-15.0, 899=7.0, 1483=60.0, 1675=3.0, 4154=0.25, 190=2480.875}"
ICCAN,18FEDB00,8,ffffefecffffffff,{157=236.9336}
ICCAN,18FDD500,8,bc24c18bc19dc09c,"{5323=0.0, 5457=0.0, 2789=20.875, 2790=845.03125, 2791=100.9625, 2792=0.0, 2795=62.4}"
ICCAN,1CFEB100,8,47decc80fdea65d6,"{1032=2.70113728E8, 1033=1.79850176E8}"
ICCAN,CF00300,8,dfb71bff412fd408,"{5398=-117.0, 5399=2.0, 5400=0.0, 91=73.200005, 92=27.0, 1437=1.0, 29=26.0, 3357=84.8}"
ICCAN,18FDC40B,8,bf87fff7ffffffff,"{5847=1.0, 2912=5.0, 2917=1.0, 2918=8.0}"
ICCAN,18FEFC00,8,ffc7ffffffffffff,{96=79.6}
ICCAN,18FEEC00,8,66ffffffffffffff,{237=102.0}
ICCAN,18FEBF0B,8,d1a5c5be68ab584d,"{904=165.8164, 905=4.5, 906=4.0625, 907=-1.3125, 908=2.875, 909=-2.3125, 910=-3.0}"
ICCAN,18FEE300,39,b528c604ac393a94d9009bc31a58cb09db2b4b9c09aed7ffffffffffd211ec39f403d5374b01ab,"{1794=59.312004, 528=5504.5, 3344=213.0, 529=4743.25, 3345=55.0, 530=4960.0, 3346=75.0, 531=2819.25, 3347=1.0, 532=7009.125, 3348=171.0, 533=6901.75, 539=73.0, 540=-68.0, 541=92.0, 542=70.0, 543=78.0, 544=2460.0, 545=15.033594, 1712=570.25, 1846=1012.0, 188=1302.625}"
ICCAN,18FDC600,8,f5ffffffffffffff,"{1804=1.0, 626=1.0}"
ICCAN,18F0010B,8,a5ff6fffff62a79b,"{1792=2.0, 577=2.0, 1793=1.0, 1481=167.0, 1238=1.0, 1243=2.0, 1438=2.0, 1439=0.0, 2911=2.0, 1121=2.0, 1836=1.0, 561=1.0, 562=1.0, 563=2.0}"
ICCAN,1CFE4D00,8,73922418ffffffff,"{1834=1874.55, 1835=12.070343}"
ICCAN,18FEE110,19,ec2e292db026294fc7a8eb629dabc8ba6a8cab,"{901=12.0, 902=14.0, 546=1445.125, 547=5977.0, 548=1316.75, 549=5400.875, 550=5036.25, 551=51.0, 552=-46.0, 553=110.0, 554=46.0, 555=46.0, 556=35946.0, 557=46.0}"
ICCAN,18FEE203,8,0a624c42ffffffff,"{581=16.972, 957=98.0, 958=10.0}"
ICCAN,18FEF000,8,fffffffffffffff3,{3447=0.0}
ICCAN,18FEC000,8,7ffd0cff7f323e32,"{911=127.0, 913=50.0, 914=-144010.0, 915=2.0, 916=-19265.0}"
ICCAN,C01FEFE,8,891dc5090169ab61,"{5762=0.0, 525=72.0, 4242=2.0, 4246=1.0, 4247=0.0, 4248=2.0, 4249=1.0, 4255=10.0, 681=1.0, 2985=2.0, 682=2.0, 683=0.0, 684=11.6, 685=1.0, 686=2.0, 687=0.0, 688=0.0, 689=1.0, 690=0.0, 691=0.0, 1852=1.0, 1853=2.0, 1854=2.0, 1855=1.0}"
ICCAN,18FE9900,8,74bdffffffffffff,{1176=128.90625}
ICCAN,18FE9800,8,1e1effffffffffff,{1180=-32.0625}
ICCAN,1CFEB500,8,0c8768e837e1a535,"{1020=34572.0, 1021=59496.0, 1022=57655.0, 1023=13733.0}"
ICCAN,1CFEBA00,12,463c2ab2b2c208f2b2252a8b,"{998=3.7363904E8, 999=5.0758256E8, 1000=2.91849408E8}"
ICCAN,C000003,8,e8bf8421ffffff86,"{897=2.0, 898=4247.875, 518=-92.0, 4206=6.0, 4207=8.0, 695=0.0, 696=2.0}"
ICCAN,1CFEB400,16,1889557365a30e63ffa5a673153884eb,"{1024=9.6749272E7, 1025=8.3095192E7, 1026=9.7015064E7, 1027=1.97565552E8}"
ICCAN,1CFEB000,20,2af9421f235e557fd675a76b188d4f59e4e3a26e,"{1034=2.6224142E7, 1035=1.06815056E8, 1036=9.030684E7, 1037=7.4919288E7, 1038=9.2808448E7}"
ICCAN,18FEE000,8,f014dd6341434650,"{244=2.09429152E8, 245=1.6834776E8}"
ICCAN,18FE4F0B,8,d028feffffffffff,"{1813=0.0, 1814=0.0, 1815=1.0, 1816=0.0, 1817=2.0, 1818=2.0, 1819=0.0, 5624=2.0}"
ICCAN,18FEC100,8,cc9c2500bc9f0500,"{917=1.232486E7, 918=1842860.0}"
ICCAN,18FEE700,8,54524080f2ffa2d6,"{246=1.07584952E8, 248=1.80050336E8}"
ICCAN,18FEF433,8,5cf3438288319a07,"{521101=595.0, 521100=769.09375, 6990=2.0, 521111=351.375, 521110=584.03125, 516255=0.0, 2586=3947.3, 2587=0.0, 521113=1730.0938, 521112=183.46875, 929=92.0, 1697=0.0, 1698=2.0, 1699=0.0, 521123=654.09375, 521122=-102.0, 521121=1335.1875, 521120=-243.28125, 521133=1625.375, 521132=-60.875, 521131=1608.3125, 521130=-220.34375, 241=243.0}"
ICCAN,18FEBD00,8,dafe71e7ffffffff,"{975=87.200005, 977=14.0, 1639=7406.125}"
ICCAN,18F00503,8,72fad23c7300a400,"{523=-65.0, 524=-11.0, 526=54.010002, 162=115.0, 163=164.0}"
ICCAN,18FEE900,8,a0ee8959630b1aa5,"{182=7.5110586E8, 250=1.3849737E9}"
ICCAN,18FEF200,8,f0408b10462f91ff,"{51=58.0, 183=831.2, 184=8.271505, 185=23.636778}"
ICCAN,18FFA000,8,698e26fa26244129,{0=41.0}
ICCAN,1CFEB900,22,41ac9be946ae8d1cef91d9a2fc4cbcf4521c352954ea,"{1001=1.95964672E9, 1002=2.39523616E8, 1003=1.36608384E9, 1004=2.05299059E9, 1005=3.45673248E8, 1006=117.16435}"
ICCAN,1CFEC321,8,f5ffffffffffffff,"{778=1.0, 779=1.0}"
ICCAN,14FD8100,8,edffffffffffffff,{3672=94.8}
ICCAN,1CFEB3FE,8,56cd8c4f7147c307,"{1028=6.6731386E8, 1029=914.45, 5458=4.9674997}"
ICCAN,18FFA300,8,ffe5318bb55fffff,{0=41816.688}
ICCAN,1CFE9100,8,fcffffffffffffff,{1239=0.0}
ICCAN,CF00203,8,404492d3e5569fb5,"{522=84.4, 1482=181.0, 4816=1.0, 5015=2.0, 606=1.0, 607=1.0, 161=5098.75, 560=0.0, 573=0.0, 574=0.0, 191=4680.5}"
ICCAN,18FE69FE,8,4a45323f1887d84a,"{2630=325.75, 1636=281.3125, 1637=232.5625, 2986=807.75}"
ICCAN,10F007E8,8,19ffffffffffffff,"{1700=0.0, 1701=1.0, 3565=1.0, 3566=2.0}"
ICCAN,18FD8300,8,feffffffffffffff,{3645=6.0}
ICCAN,1CFE8700,8,9c10d01693cc327a,"{1433=-166.78125, 1434=-154.375, 1435=209.14844, 1436=44.390625}"
ICCAN,18FEA600,8,08f0ffffffffffff,{1127=7681.0}
ICCAN,18FEDC00,8,70456aa340941fad,"{235=1.452264E8, 236=1.37082534E9}"
ICCAN,18FD9503,8,c09a59f0838b63b7,"{3533=0.0, 4177=96.0, 5913=843.09375, 5914=-13.0, 5915=7.0, 5916=11.0, 3359=0.0, 5345=0.0, 3823=443.8125}"
ICCAN,18FE4021,8,5d2c0ffffdfff8ff,"{2368=0.0, 2370=2.0, 2372=0.0, 2374=0.0, 2388=0.0, 2390=1.0, 2396=2.0, 2398=0.0, 2404=1.0, 2348=1.0, 2350=1.0}"
ICCAN,18FEFF00,8,fcf8ffffffffffff,"{5825=0.0, 97=0.0}"
ICCAN,18FEF600,8,ffdac5ffff1f22ff,"{102=436.0, 105=157.0, 173=-0.03125}"
ICCAN,18FDA400,8,fffffffffffffdff,{3948=1.0}
ICCAN,1CFEB200,8,ffffffffffff1ac3,{1389=4.9946}
ICCAN,10FDA300,8,b798d241ffffffff,"{641=84.0, 3470=97.737495, 3675=26.0}"
ICCAN,1CFEAF00,8,d3fddd1753fd04f7,"{1039=2.00212208E8, 1040=2.07214963E9}"
ICCAN,1CFEB800,22,f6c0a369ffffffffffffffffa4b77b92ffffffff471e,"{1007=8.8616973E8, 1010=1.22879078E9, 1012=15.13871}"
ICCAN,18FDE60B,8,fffffffbffffffff,{2931=2.0}
ICCAN,18FEE500,8,046a47d5ffffffff,{247=1.7891136E8}
ICCAN,18FD9B00,8,d2a5fff6efffffff,"{3520=15.0, 3515=170.0, 3516=41.25, 3519=22.0}"
ICCAN,18FCF200,8,93ffe1ffffffffff,"{5377=90.0, 5374=58.8}"
ICCAN,18FD0900,8,ebc446740dbf680c,"{5053=1950795.1, 5054=208191.27}"
ICCAN,CF02FA0,8,fcffffffffffffff,{5676=12.0}
ICCAN,18FCC800,8,fcffffffffff3fff,"{5794=0.0, 10297=25.2}"
ICCAN,18FDC200,8,ffffffffffff0aff,{5837=10.0}
ICCAN,18FD6F00,8,f1db3f6d04e565ff,"{4750=600.96875, 4751=29314.0, 4752=40.4, 3821=140.7625}"
ICCAN,18FD0600,8,fffdffffffffffff,{5091=1.0}
ICCAN,18FD9400,8,63c1ffffffffffff,{27=123.767494}
ICCAN,18FD7C00,8,fbe08450218899db,"{3712=2.0, 3713=0.0, 3714=0.0, 3715=2.0, 3716=0.0, 3717=2.0, 3718=1.0, 4175=4.0, 3750=1.0, 3697=3.0, 3698=6.0, 3699=0.0, 3700=0.0, 3701=6.0, 3702=0.0, 3703=1.0, 3704=0.0, 3705=2.0, 3706=0.0, 3707=0.0, 3708=1.0, 3709=1.0, 5629=2.0, 3710=1.0, 3711=0.0}"
ICCAN,18FF9447,8,f2f2fbfbf0f4ffff,"{516311=2.0, 516310=2.0, 516315=4.0, 516314=0.0, 516313=11.0, 516312=11.0}"
ICCAN,18FF0433,8,b0e090d0d0c090c0,"{516418=4.0, 516417=0.0, 516416=0.0, 516383=3.0, 516382=0.0, 516381=0.0, 516380=0.0, 516379=0.0, 516391=0.0, 516390=0.0, 516389=0.0, 516388=6.0, 516387=0.0, 516386=0.0, 516385=0.0, 516384=0.0, 516399=0.0, 516398=5.0, 516397=0.0, 516396=0.0, 516395=0.0, 516394=0.0, 516393=1.0, 516392=0.0, 516407=0.0, 516406=0.0, 516405=0.0, 516404=0.0, 516403=5.0, 516402=0.0, 516401=0.0, 516400=0.0, 516415=0.0, 516414=0.0, 516413=1.0, 516412=0.0, 516411=0.0, 516410=0.0, 516409=0.0, 516408=4.0}"
ICCAN,18FF0C33,8,0372bba680bc04b7,"{516495=48256.0, 516494=42683.0, 516493=29187.0, 516496=46852.0}"
ICCAN,18FF0633,8,a0a0d0b090a0b0a0,"{516423=2.0, 516422=0.0, 516421=0.0, 516420=0.0, 516419=0.0, 516431=0.0, 516430=0.0, 516429=0.0, 516428=2.0, 516427=0.0, 516426=0.0, 516425=0.0, 516424=0.0, 516439=0.0, 516438=3.0, 516437=0.0, 516436=0.0, 516435=0.0, 516434=0.0, 516433=5.0, 516432=0.0, 516447=0.0, 516446=0.0, 516445=0.0, 516444=0.0, 516443=1.0, 516442=0.0, 516441=0.0, 516440=0.0, 516455=0.0, 516454=0.0, 516453=3.0, 516452=0.0, 516451=0.0, 516450=0.0, 516449=0.0, 516448=2.0, 516458=2.0, 516457=0.0, 516456=0.0}"
ICCAN,18FF0833,8,80c0e0d0a090ffff,"{516487=0.0, 516486=0.0, 516485=0.0, 516484=0.0, 516483=2.0, 516482=0.0, 516481=0.0, 516480=0.0, 516488=1.0, 516463=0.0, 516462=0.0, 516461=0.0, 516460=0.0, 516459=0.0, 516471=0.0, 516470=0.0, 516469=0.0, 516468=4.0, 516467=0.0, 516466=0.0, 516465=0.0, 516464=0.0, 516479=0.0, 516478=5.0, 516477=0.0, 516476=0.0, 516475=0.0, 516474=0.0, 516473=6.0, 516472=0.0}"
ICCAN,18FF6B17,8,f3a8c80329db93ff,"{516224=2.48061363E9, 516223=200.0, 516222=168.0, 516221=3.0}"
ICCAN,18FF3721,8,fdf9e1d7d0e5ffff,"{516356=37.0, 516355=16.0, 516354=23.0, 516353=33.0, 516352=57.0, 516351=5.0}"
ICCAN,18FFC433,8,bcc48afc262f52cf,"{516500=53074.0, 516499=12070.0, 516498=64650.0, 516497=50364.0}"
ICCAN,18E8FF4C,8,2cffffff6dffffff,"{0=109.0, 2541=44.0}"
ICCAN,18FF8233,8,060000000000f8ff,"{0=0.0, 516230=1.0, 516229=2.0, 516228=0.0, 516227=0.0, 516226=0.0}"
ICCAN,18FF7433,8,912675e262e34911,"{516367=117.0, 516366=38.0, 516365=145.0, 516372=17.0, 516371=73.0, 516370=227.0, 516369=98.0, 516368=226.0}"
ICCAN,18FF7633,8,172013e09a27ffff,"{516375=19.0, 516374=32.0, 516373=23.0, 516378=39.0, 516377=154.0, 516376=224.0}"
ICCAN,18FFC633,8,86b3b2a70aea7eb7,"{516503=59914.0, 516502=42930.0, 516501=45958.0, 516504=46974.0}"
ICCAN,18FF7133,8,d788414c893de66d,"{516359=65.0, 516358=136.0, 516357=215.0, 516364=109.0, 516363=230.0, 516362=61.0, 516361=137.0, 516360=76.0}"
ICCAN,18FF9847,11,0000000000000000000000,"{516295=0.0, 516294=0.0, 516293=0.0, 516292=0.0, 516291=0.0, 516290=0.0, 516289=0.0, 516288=0.0, 516296=0.0, 516287=0.0, 516286=0.0}"
ICCAN,18FF7C33,8,b7f979587691c9ff,"{516511=22.0, 516510=22649.0, 516509=63927.0, 516519=0.0, 516518=2.0, 516517=1.0, 516516=2.0, 516515=1.0, 516514=0.0, 516513=1.0, 516512=3.0}"
ICCAN,18FF0A33,8,af1feaf28cf575c3,"{516492=50037.0, 516491=62860.0, 516490=62186.0, 516489=8111.0}"
ICCAN,18FFC933,8,b1279d38ce11c559,"{516508=22981.0, 516507=4558.0, 516506=14493.0, 516505=10161.0}"
ICCAN,18FDC3FE,8,f8bfb4adffffffff,"{2624=76.4, 2625=72.0, 2626=69.200005, 2623=99.200005}"
ICCAN,C001003,8,e0155997ffffffdb,"{897=2.0, 898=2850.625, 518=26.0, 4206=11.0, 4207=13.0, 695=0.0, 696=0.0}"
ICCAN,C00002A,8,e45bf7daffffffe1,"{897=2.0, 898=7915.375, 518=93.0, 4206=1.0, 4207=14.0, 695=0.0, 696=1.0}"
ICCAN,18F00500,8,ff1f6d17ffffffff,"{523=-102.0, 526=27.935001}"
ICCAN,C0000A0,8,c29d3484ffffff42,"{897=0.0, 898=1683.625, 518=7.0, 4206=2.0, 4207=4.0, 695=2.0, 696=0.0}"
ICCAN,C00000B,8,da5b75d7ffffff4b,"{897=1.0, 898=3755.375, 518=90.0, 4206=11.0, 4207=4.0, 695=2.0, 696=2.0}"
ICCAN,18FEFC17,8,ff4cffffffffa8ff,"{96=30.4, 38=67.200005}"
ICCAN,C00100B,8,e95e001affffffb6,"{897=2.0, 898=11.75, 518=-99.0, 4206=6.0, 4207=11.0, 695=1.0, 696=2.0}"
ICCAN,18850021,8,ff6cffffffffffff,{6874=43.2}
ICCAN,18FF90FB,8,ffff54e3ffffffff,"{516175=0.0, 516254=0.0, 516253=1.0, 516251=1.0, 516250=1.0, 516265=2.0}"
ICCAN,18FF5117,8,cdc23f93dd0d00ff,"{516105=5679.3003, 516104=5451028.5}"
ICCAN,18FF6021,8,c0927b55173efc9c,"{516135=123.0, 516134=146.0, 516133=0.0, 516132=0.0, 516131=0.0, 516130=0.0, 516129=0.0, 516139=4.0, 516138=62.0, 516137=156.0, 516136=85.0}"
ICCAN,18FEFD00,8,fff693ffffffffff,{159=18939.0}
ICCAN,C002903,8,e6a0278dffffff33,"{897=2.0, 898=1268.0, 518=16.0, 4206=3.0, 4207=3.0, 695=2.0, 696=1.0}"
ICCAN,18FF5417,8,97fbe7fe440dffff,"{516165=200004.0, 516118=2.0, 516117=231.0, 516115=2967.0}"
ICCAN,18FF914C,8,70bf09ffffffffff,{516170=638832.0}
ICCAN,1CFF4121,8,3331050019f00900,"{516181=651289.0, 516180=340275.0}"
ICCAN,1CFF1721,6,fec0c938ecfe,"{516143=0.0, 516142=0.0, 516141=0.0, 516140=0.0, 516151=0.0, 516150=0.0, 516149=0.0, 516148=0.0, 516147=0.0, 516146=0.0, 516145=0.0, 516144=0.0, 516158=0.0, 516157=0.0, 516156=2.0, 516155=0.0, 516154=0.0, 516153=0.0, 516152=0.0}"
ICCAN,18FF5517,8,00fed4fdf3ffffff,"{516119=0.0, 516127=0.0, 516126=0.0, 516125=0.0, 516124=0.0, 516123=0.0, 516122=0.0, 516121=0.0, 516120=0.0, 516128=4.68, 516520=3.0}"
ICCAN,18FF8019,8,2683b723ffffffff,"{516103=0.0, 516102=35.0, 516101=2928.0, 516100=2.0, 516099=65.5, 516098=1.0, 516097=2.0}"
ICCAN,18FF6221,8,3aa6d250f0b4fcff,"{0=0.0, 516255=2.0, 516262=4.0, 516261=2.0, 516260=2.0, 516259=2.0, 516258=1.0, 516257=2.0, 516256=0.0, 516350=1.8}"
ICCAN,CFF9247,8,fd1544ffffffffff,"{516271=0.0, 516270=1.0, 516269=0.0, 516268=0.0, 516267=1.0, 516266=1.0, 516265=1.0, 516264=1.0, 516272=1.0}"
ICCAN,C00292A,8,d457ce9fffffff39,"{897=1.0, 898=6602.875, 518=34.0, 4206=9.0, 4207=3.0, 695=0.0, 696=1.0}"
ICCAN,18FF5217,8,8428f972a74579ee,"{516109=97678.805, 516108=144.7, 516107=11.400001, 516106=60019.6}"
ICCAN,18FC4233,8,e7c614ffffffffff,"{6988=5318.0, 929=231.0}"
ICCAN,18F00521,8,ffffffdfffffffff,{523=98.0}
ICCAN,C00290B,8,c11bb74affffff4c,"{897=0.0, 898=5859.375, 518=-51.0, 4206=12.0, 4207=4.0, 695=1.0, 696=0.0}"
ICCAN,C00102A,8,e42b73c3ffffff87,"{897=2.0, 898=3685.375, 518=70.0, 4206=7.0, 4207=8.0, 695=0.0, 696=1.0}"
ICCAN,18FEFF21,8,f3ffffffffffffff,{5675=0.0}
ICCAN,18FF6533,8,c52629aa412195f5,"{516183=2.0, 516182=1.0, 516181=0.0, 516180=2.0, 516179=1.0, 516178=2.0, 516177=0.0, 516176=5.0, 516191=0.0, 516190=1.0, 516189=2.0, 516188=2.0, 516187=2.0, 516186=2.0, 516185=0.0, 516184=2.0, 516199=1.0, 516198=1.0, 516197=0.0, 516196=2.0, 516195=0.0, 516194=1.0, 516193=1.0, 516192=0.0, 516203=1.0, 516202=1.0, 516201=2.0, 516200=1.0}"
ICCAN,18FEE400,8,62bffdfcffffff3f,"{0=0.0, 590=1.0, 591=2.0, 592=2.0, 593=2.0, 594=0.0, 985=1.0, 1081=0.0}"
ICCAN,CFEFF00,8,fefbffffffffffff,"{5825=3.0, 97=2.0}"
ICCAN,18FF5317,8,afc6f9f4ba73ce00,"{516111=24.4, 516110=64068.7, 516113=330.30002, 516112=95.4}"
ICCAN,18FEEF21,8,ffffffaeffffffff,{100=696.0}
ICCAN,10F0ED00,8,0559ffffffffcf51,"{7745=1.0, 7746=1.0, 7747=1.0, 7748=6.0, 7749=2.0, 7750=12.0, 7751=81.0, 7788=0.0}"
ICCAN,18FF8625,8,1300f1ffffd872fb,{0=1.0}
ICCAN,1CFBE800,8,979078d1af6cffff,"{8326=1.75716979E9, 12748=2782.3}"
ICCAN,18FECA00,8,1a1873e97f79ffff,"{987=2.0, 3038=0.0, 3039=1.0, 3040=2.0, 3041=0.0, 623=1.0, 624=2.0, 1213=0.0, 1214=2.03842598E9}"
ICCAN,18FF2847,8,f8ffffffffffffff,{0=0.0}
ICCAN,1885FF00,8,ffd6fff7ffffffff,"{7759=1.0, 6874=85.6}"
ICCAN,18E8FF47,8,87f4fffff7d7e0aa,"{0=247.0, 2541=135.0, 2542=244.0, 2543=1.1198679E7}"
ICCAN,10F0F500,8,fffffffffffff7ff,{7756=1.0}
ICCAN,18EAFBFF,3,6c9c65,{2574=6659180.0}
ICCAN,18FCB600,8,a3457b5d6c15ffff,"{7497=4.2000003, 5981=44.567497, 5982=23931.0, 5983=54.0}"
ICCAN,C1EFF00,8,22f0ffffffffffff,{7589=61.474003}
ICCAN,18E00017,8,ffffff7fffffffff,{1856=1.0}